Workbook

Sheet paste from garc here
A1: 00 00 00 00 00 00 00 00 1F 08 00 01 02 04 00 03 00 00 00 00 00 00 00 00 00 00 00 00 00 00 00 00 00 00 00 00 28 00 00 00 00 00 00 00 1F 08 00 01 02 04 00 02 01 00 00 00 00 00 00 00 00 00 00 00 00 00 00 00 00 00 00 00 1E 00 00 00 00 00 00 00 1F 08 00 01 02 04 00 01 02 00 00 00 00 00 00 00 00 00 00 00 00 00 00 00 00 00 00 00 0A 00 00 00 00 00 00 00 1F 08 00 01 02 04 00 00 03 00 00 00 00 00 00 00 00 00 00 00 00 00 00 00 00 00 00 00 00 00 00 00 00 00 00 00 1F 08 00 01 02 04 00 0F 04 00 00 00 00 00 00 00 00 00 00 00 00 00 00 00 00 00 00 00 32 00 00 00 00 00 00 00 1F 08 00 01 02 04 00 07 05 00 00 00 00 00 00 00 00 00 00 00 00 00 00 00 00 00 00 00 32 00 00 00 00 00 00 00 1F 08 00 01 02 04 00 0D 06 00 00 00 00 00 00 00 00 00 00 00 00 00 00 00 00 00 00 00 32 00 00 00 00 00 00 00 1F 08 00 01 02 04 00 08 07 00 00 00 00 00 00 00 00 00 00 00 00 00 00 00 00 00 00 00 32 00 00 00 00 00 00 00 1F 08 00 01 02 04 00 0C 08 00 00 00 00 00 00 00 00 00 00 00 00 00 00 00 00 00 00 00 32 00 00 00 00 00 00 00 1F 08 00 01 02 04 00 0B 09 00 00 00 00 00 00 00 00 00 00 00 00 00 00 00 00 00 00 00 32 00 00 00 00 00 00 00 1F 08 00 01 02 04 00 0E 0A 00 00 00 00 00 00 00 00 00 00 00 00 00 00 00 00 00 00 00 0F 00 00 00 00 00 00 00 1F 08 00 01 02 04 00 04 0B 00 00 00 00 00 00 00 00 00 00 00 00 00 00 00 00 00 00 00 32 00 00 00 00 00 00 00 1F 08 00 01 02 04 00 0A 0C 00 00 00 00 00 00 00 00 00 00 00 00 00 00 00 00 00 00 00 0F 00 00 00 00 00 00 00 1F 08 00 01 02 04 00 06 0D 00 00 00 00 00 00 00 00 00 00 00 00 00 00 00 00 00 00 00 32 00 00 00 00 00 00 00 1F 08 00 01 02 04 00 09 0E 00 00 00 00 00 00 00 00 00 00 00 00 00 00 00 00 00 00 00 00 00 00 00 00 00 00 00 1F 08 00 01 02 04 00 05 0F 00 00 00 00 00 00 00 00 00 00 00 00 00 00 00 00 00 00 00 14 00 00 14 00 00 1E 00 9F 20 01 02 01 00 00 02 00 00 00 00 00 04 00 00 00 00 00 00 00 14 00 00 00 00 00 00 14 00 00 00 00 00 1E 00 9F 40 01 02 01 00 00 11 02 00 00 00 00 00 00 00 00 00 00 00 00 00 00 00 00 00 00 00 1E 00 00 00 00 00 1E 00 9F 40 01 02 01 00 00 13 04 00 00 00 00 00 00 00 00 00 00 00 00 00 00 00 00 00 00 00 0A 00 00 00 00 00 1E 00 9F 40 01 02 01 00 00 14 08 00 00 00 00 00 00 00 00 00 00 00 00 00 00 00 00 00 00 00 0A 00 00 00 00 00 1E 00 9F 40 01 02 01 00 00 15 01 00 00 00 00 00 00 00 00 00 00 00 00 00 00 00 00 00 00 00 1E 00 00 00 00 00 1E 00 9F 40 01 02 01 00 00 12 10 00 00 00 00 00 00 00 00 00 00 00 00 00 00 00 00 00 00 00 F0 0A 00 FF 00 00 1E 00 9F 60 01 02 01 00 00 04 3F 00 00 00 00 04 00 00 00 00 00 00 00 FF 00 00 00 00 00 00 A8 07 00 FF 00 00 1E 00 9F 20 01 02 01 00 00 03 00 00 00 00 00 04 00 00 00 00 00 00 00 FF 00 00 00 00 00 00 F4 01 00 C8 00 00 1E 00 9F 20 01 02 01 00 00 02 00 00 00 00 00 04 00 00 00 00 00 00 00 C8 00 00 00 00 00 00 46 00 00 3C 00 00 1E 00 9F 20 01 02 01 00 00 02 00 00 00 00 00 04 00 00 00 00 00 00 00 3C 00 00 00 00 00 00 18 01 00 00 00 00 1E 00 9F 40 01 02 01 00 00 19 3F 00 00 00 00 00 00 00 00 00 00 00 00 00 00 00 00 00 00 00 C4 09 00 00 00 00 1E 00 9F 40 01 00 01 00 00 05 00 01 00 00 00 04 00 00 00 00 00 00 00 01 00 00 00 00 00 00 88 13 00 00 00 00 1E 00 9F 40 01 02 01 00 00 06 00 01 00 00 00 00 00 00 00 00 00 00 00 FD 00 00 00 00 00 00 14 00 00 1E 00 00 1E 00 9F 20 01 02 01 00 00 09 00 00 00 00 00 04 00 00 00 00 00 00 00 32 00 00 00 00 00 00 1E 00 00 32 00 00 1E 00 9F 20 01 02 01 00 00 0A 00 00 00 00 00 04 00 00 00 00 00 00 00 3C 00 00 00 00 00 00 28 00 00 46 00 00 1E 00 9F 20 01 02 01 00 00 0B 00 00 00 00 00 04 00 00 00 00 00 00 00 50 00 00 00 00 00 00 78 00 00 64 00 00 1E 00 9F 20 01 02 01 00 00 0C 00 00 00 00 00 04 00 00 00 00 00 00 00 64 00 00 00 00 00 00 32 00 00 00 00 00 1E 00 9F 20 01 02 01 00 00 0D 00 00 00 00 00 04 1C 00 00 00 00 00 00 3C 00 FB FB F6 00 00 78 00 00 00 00 00 1E 00 9F 20 01 02 01 00 00 0E 00 00 00 00 00 04 1C 00 00 00 00 00 00 78 00 F6 F6 F1 00 00 1E 00 00 00 00 00 1E 00 9F 40 01 02 01 00 00 1A 3F 00 00 00 00 00 1C 00 00 00 00 00 00 00 00 FB FB F6 00 00 A6 0E 00 00 00 00 1E 00 9F 40 01 02 01 00 00 0F 00 01 00 00 00 00 1C 00 00 00 00 00 00 FD 00 F1 F1 EC 00 00 78 00 00 0A 00 00 1E 00 9F 20 01 02 01 00 00 22 00 00 00 00 00 01 00 00 00 00 00 00 00 00 0A 00 00 00 00 00 C8 00 00 FF 00 00 1E 00 9F 20 01 02 01 00 00 23 00 00 00 00 00 01 00 00 00 00 00 00 00 00 7F 00 00 00 00 00 B4 00 00 0A 00 00 1E 00 9F 20 01 02 01 00 00 24 00 00 00 00 00 02 00 00 00 00 00 00 00 00 0A 00 00 00 00 00 FA 00 00 FF 00 00 1E 00 9F 20 01 02 01 00 00 25 00 00 00 00 00 02 00 00 00 00 00 00 00 00 7F 00 00 00 00 00 23 00 00 00 00 00 1E 00 9F 40 01 02 01 00 00 1B 3F 00 00 00 00 00 00 00 00 00 00 00 00 00 00 00 00 00 00 00 14 00 01 32 00 00 1E 00 9F 20 01 02 01 00 01 07 00 00 00 00 00 04 00 00 00 00 00 00 00 32 00 00 00 00 00 00 90 01 00 00 00 00 1E 00 9F 00 01 00 01 00 00 00 1F 03 00 00 00 04 1C 00 00 00 00 00 00 FF 00 01 01 01 00 00 09 00 00 00 00 00 1E 00 9F 00 01 00 01 00 00 26 00 00 00 00 00 08 1C 0A 00 00 00 00 00 00 00 05 03 02 00 00 09 00 00 00 00 00 1E 00 9F 00 01 00 01 00 00 27 00 00 00 00 00 10 1C 00 0A 00 00 00 00 00 00 05 03 02 00 00 09 00 00 00 00 00 1E 00 9F 00 01 00 01 00 00 28 00 00 00 00 00 20 1C 00 00 0A 00 00 00 00 00 05 03 02 00 00 09 00 00 00 00 00 1E 00 9F 00 01 00 01 00 00 2B 00 00 00 00 00 40 1C 00 00 00 0A 00 00 00 00 05 03 02 00 00 09 00 00 00 00 00 1E 00 9F 00 01 00 01 00 00 29 00 00 00 00 00 80 1C 00 00 00 00 0A 00 00 00 05 03 02 00 00 05 00 00 00 00 00 1E 00 9F 00 01 00 01 00 00 35 00 07 00 00 00 00 1C 00 00 00 00 00 00 00 00 05 03 02 00 00 E8 03 00 00 00 00 1E 00 9F 00 01 00 01 00 00 32 00 00 00 00 40 00 1C 00 00 00 00 00 00 00 00 05 03 02 00 00 09 00 00 00 00 00 1E 00 9F 00 01 00 01 00 00 2A 00 00 00 00 00 00 1D 00 00 00 00 00 0A 00 00 05 03 02 00 00 2C 01 00 00 00 00 1E 00 9F 00 01 00 01 00 00 33 00 00 00 00 80 00 1C 00 00 00 00 00 00 00 00 05 03 02 00 00 23 00 00 00 00 00 1E 00 9F 40 01 02 01 00 00 1C 3F 00 00 00 00 00 00 00 00 00 00 00 00 00 00 00 00 00 00 00 5E 01 00 00 00 00 1E 00 1F 10 00 00 01 03 00 07 80 00 00 00 00 00 0C 00 00 00 00 00 00 00 00 01 01 00 00 00 F4 01 00 00 00 00 1E 00 1F 10 00 00 01 03 00 06 00 00 00 00 10 00 0C 00 00 00 00 00 00 00 00 01 01 00 00 00 F4 01 00 00 00 00 1E 00 1F 10 00 00 01 03 00 00 00 20 00 00 00 00 0C 00 00 00 00 00 00 00 00 01 01 00 00 00 F4 01 00 00 00 00 1E 00 1F 10 00 00 01 03 00 01 00 00 02 00 00 00 0C 00 00 00 00 00 00 00 00 01 01 00 00 00 F4 01 00 00 00 00 1E 00 1F 10 00 00 01 03 00 02 00 00 00 20 00 00 0C 00 00 00 00 00 00 00 00 01 01 00 00 00 F4 01 00 00 00 00 1E 00 1F 10 00 00 01 03 00 05 00 00 00 00 02 00 0C 00 00 00 00 00 00 00 00 01 01 00 00 00 F4 01 00 00 00 00 1E 00 1F 10 00 00 01 03 00 03 00 00 20 00 00 00 0C 00 00 00 00 00 00 00 00 01 01 00 00 00 F4 01 00 00 00 00 1E 00 1F 10 00 00 01 03 00 04 00 00 00 02 00 00 0C 00 00 00 00 00 00 00 00 01 01 00 00 00 0A 00 00 00 00 00 1E 00 1F 10 00 03 01 03 00 08 00 00 00 00 00 00 00 00 00 00 00 00 00 00 00 00 00 00 00 00 0A 00 00 00 00 00 1E 00 1F 10 00 03 01 03 00 09 00 00 00 00 00 00 00 00 00 00 00 00 00 00 00 00 00 00 00 00 02 00 00 00 00 00 1E 00 9F 40 01 02 01 03 10 16 01 00 00 00 00 00 00 00 00 00 00 00 00 00 00 00 00 00 00 00 02 00 00 00 00 00 1E 00 9F 40 00 02 01 03 10 17 20 00 00 00 00 00 00 00 00 00 00 00 00 00 00 00 00 00 00 00 02 00 00 00 00 00 1E 00 9F 40 00 02 01 03 10 18 40 00 00 00 00 00 00 00 00 00 00 00 00 00 00 00 00 00 00 00 02 00 00 00 00 00 1E 00 1F 00 0A 00 01 02 10 78 00 00 00 00 00 00 00 00 00 00 00 00 00 00 00 00 00 00 00 00 02 00 00 00 00 00 1E 00 1F 00 0A 00 01 02 10 79 00 00 00 00 00 00 00 00 00 00 00 00 00 00 00 00 00 00 00 00 02 00 00 00 00 00 1E 00 1F 00 00 00 01 02 00 18 00 00 00 00 00 00 00 00 00 00 00 00 00 00 00 00 00 00 00 00 02 00 00 00 00 00 1E 00 1F 00 00 00 01 02 00 19 00 00 00 00 00 00 00 00 00 00 00 00 00 00 00 00 00 00 00 00 64 00 00 00 00 00 1E 00 1F 00 00 00 01 02 00 64 00 00 00 00 00 00 00 00 00 00 00 00 00 00 00 00 00 00 00 00 64 00 00 00 00 00 1E 00 1F 00 00 00 01 02 00 65 00 00 00 00 00 00 00 00 00 00 00 00 00 00 00 00 00 00 00 00 64 00 00 00 00 00 1E 00 1F 00 00 00 01 02 00 66 00 00 00 00 00 00 00 00 00 00 00 00 00 00 00 00 00 00 00 00 64 00 00 00 00 00 1E 00 1F 00 00 00 01 02 00 67 00 00 00 00 00 00 00 00 00 00 00 00 00 00 00 00 00 00 00 00 46 00 00 28 00 00 1E 00 1F 00 05 00 01 02 00 01 00 00 00 00 00 00 00 00 00 00 00 00 00 00 00 00 00 00 00 00 32 00 00 64 00 00 1E 00 1F 00 05 00 01 02 00 00 00 00 00 00 00 00 00 00 00 00 00 00 00 00 00 00 00 00 00 00 64 00 00 00 00 00 1E 00 1F 00 07 00 01 02 00 03 00 00 00 00 00 00 00 00 00 00 00 00 00 00 00 00 00 00 00 00 28 00 00 14 00 00 1E 00 1F 00 05 00 01 02 00 02 00 00 00 00 00 00 00 00 00 00 00 00 00 00 00 00 00 00 00 00 2C 01 00 00 00 00 1E 00 1F 00 06 00 01 02 00 4C 00 08 00 00 00 00 00 00 00 00 00 00 00 00 00 00 00 00 00 00 2C 01 00 00 00 00 1E 00 1F 00 06 00 01 02 00 4D 00 08 00 00 00 00 00 00 00 00 00 00 00 00 00 00 00 00 00 00 2C 01 00 00 00 00 1E 00 1F 00 06 00 01 02 00 47 00 08 00 00 00 00 00 00 00 00 00 00 00 00 00 00 00 00 00 00 2C 01 00 00 00 00 1E 00 1F 00 06 00 01 02 00 49 00 08 00 00 00 00 00 00 00 00 00 00 00 00 00 00 00 00 00 00 2C 01 00 00 00 00 1E 00 1F 00 06 00 01 02 00 48 00 08 00 00 00 00 00 00 00 00 00 00 00 00 00 00 00 00 00 00 2C 01 00 00 00 00 1E 00 1F 00 06 00 01 02 00 4A 00 08 00 00 00 00 00 00 00 00 00 00 00 00 00 00 00 00 00 00 C8 00 00 00 00 00 1E 00 1F 00 00 00 01 02 00 11 00 00 00 00 00 00 00 00 00 00 00 00 00 00 00 00 00 00 00 00 E8 03 00 00 00 00 1E 00 1F 00 00 00 01 02 00 0A 00 00 00 00 00 00 00 00 00 00 00 00 00 00 00 00 00 00 00 00 90 01 00 00 00 00 1E 00 1F 00 00 00 01 02 00 10 00 00 00 00 00 00 00 00 00 00 00 00 00 00 00 00 00 00 00 00 80 0C 00 00 00 00 1E 00 1F 00 00 00 01 02 00 0B 00 00 00 00 00 00 00 00 00 00 00 00 00 00 00 00 00 00 00 00 58 02 00 00 00 00 1E 00 1F 00 00 00 01 02 00 13 00 00 00 00 00 00 00 00 00 00 00 00 00 00 00 00 00 00 00 00 98 08 00 00 00 00 1E 00 1F 00 00 00 01 02 00 12 00 00 00 00 00 00 00 00 00 00 00 00 00 00 00 00 00 00 00 00 D0 07 00 00 00 00 1E 00 1F 00 00 00 01 02 00 0F 00 00 00 00 00 00 00 00 00 00 00 00 00 00 00 00 00 00 00 00 32 00 00 00 00 00 1E 00 1F 00 00 00 01 02 00 82 00 00 00 00 00 00 00 00 00 00 00 00 00 00 00 00 00 00 00 00 1E 00 00 00 00 00 1E 00 1F 00 04 00 01 02 00 AB 00 00 00 00 00 00 00 00 00 00 00 00 00 00 00 00 00 00 00 00 14 00 00 00 00 00 1E 00 1F 00 00 00 01 02 00 FF 00 00 00 00 00 00 00 00 00 00 00 00 00 00 00 00 00 00 00 00 14 00 00 00 00 00 1E 00 1F 00 00 00 01 02 00 FF 00 00 00 00 00 00 00 00 00 00 00 00 00 00 00 00 00 00 00 00 14 00 00 00 00 00 1E 00 1F 00 00 00 01 02 00 FF 00 00 00 00 00 00 00 00 00 00 00 00 00 00 00 00 00 00 00 00 14 00 00 00 00 00 1E 00 1F 00 00 00 01 02 00 FF 00 00 00 00 00 00 00 00 00 00 00 00 00 00 00 00 00 00 00 00 BC 02 00 00 00 00 64 00 1F 00 00 00 01 02 00 99 00 00 00 00 00 00 00 00 00 00 00 00 00 00 00 00 00 00 00 00 BC 02 00 00 00 00 64 00 1F 00 00 00 01 02 00 9A 00 00 00 00 00 00 00 00 00 00 00 00 00 00 00 00 00 00 00 00 BC 02 00 00 00 00 64 00 1F 00 00 00 01 02 00 96 00 00 00 00 00 00 00 00 00 00 00 00 00 00 00 00 00 00 00 00 BC 02 00 00 00 00 64 00 1F 00 00 00 01 02 00 97 00 00 00 00 00 00 00 00 00 00 00 00 00 00 00 00 00 00 00 00 E8 03 00 00 00 00 64 00 1F 00 06 00 01 02 00 98 00 08 00 00 00 00 00 00 00 00 00 00 00 00 00 00 00 00 00 00 BC 02 00 00 00 00 64 00 1F 00 00 00 01 02 00 9B 00 00 00 00 00 00 00 00 00 00 00 00 00 00 00 00 00 00 00 00 BC 02 00 00 00 00 64 00 1F 00 00 00 01 02 00 9C 00 00 00 00 00 00 00 00 00 00 00 00 00 00 00 00 00 00 00 00 D0 07 00 00 00 00 64 00 1F 00 00 00 01 02 00 0D 00 00 00 00 00 00 00 00 00 00 00 00 00 00 00 00 00 00 00 00 2C 01 00 00 00 00 50 00 1F 00 06 00 01 02 00 4E 00 08 00 00 00 00 00 00 00 00 00 00 00 00 00 00 00 00 00 00 2C 01 00 00 00 00 50 00 1F 00 06 00 01 02 00 4F 00 08 00 00 00 00 00 00 00 00 00 00 00 00 00 00 00 00 00 00 2C 01 00 00 00 00 50 00 1F 00 06 00 01 02 00 51 00 08 00 00 00 00 00 00 00 00 00 00 00 00 00 00 00 00 00 00 C8 00 00 00 00 00 50 00 1F 00 06 00 01 02 00 50 00 08 00 00 00 00 00 00 00 00 00 00 00 00 00 00 00 00 00 00 D2 00 00 00 00 00 50 00 1F 00 00 00 01 02 00 0C 00 00 00 00 00 00 00 00 00 00 00 00 00 00 00 00 00 00 00 00 00 00 02 14 00 00 3C 00 1F 00 00 00 00 01 00 44 00 00 00 00 00 00 00 00 00 00 00 00 00 00 00 00 00 00 00 00 C4 09 00 00 00 00 50 00 1F 00 00 00 00 01 00 35 00 00 00 00 00 00 00 00 00 00 00 00 00 00 00 00 00 00 00 00 DC 05 00 00 00 00 50 00 1F 00 00 00 00 01 00 35 00 00 00 00 00 00 00 00 00 00 00 00 00 00 00 00 00 00 00 00 DC 05 00 00 00 00 00 00 1F 00 00 00 00 00 00 35 00 00 00 00 00 00 00 00 00 00 00 00 00 00 00 00 00 00 00 00 00 00 03 00 00 00 46 00 1F 00 00 00 00 01 00 45 00 00 00 00 00 00 00 00 00 00 00 00 00 00 00 00 00 00 00 00 00 00 03 00 00 00 46 00 1F 00 00 00 00 01 00 45 00 00 00 00 00 00 00 00 00 00 00 00 00 00 00 00 00 00 00 00 00 00 03 00 00 00 46 00 1F 00 00 00 00 01 00 45 00 00 00 00 00 00 00 00 00 00 00 00 00 00 00 00 00 00 00 00 00 00 03 00 00 00 46 00 1F 00 00 00 00 01 00 45 00 00 00 00 00 00 00 00 00 00 00 00 00 00 00 00 00 00 00 00 DC 05 64 00 00 1A 1E 00 1F 00 00 00 00 01 00 09 00 00 00 00 00 00 00 00 00 00 00 00 00 00 00 00 00 00 00 00 DC 05 64 00 00 1B 1E 00 1F 00 00 00 00 01 00 09 00 00 00 00 00 00 00 00 00 00 00 00 00 00 00 00 00 00 00 00 B8 0B 95 00 00 00 3C 00 1F 00 00 00 00 01 00 22 00 00 00 00 00 00 00 00 00 00 00 00 00 00 00 00 00 00 00 00 00 00 00 00 00 00 00 00 1F 00 00 00 00 01 00 03 03 00 00 00 00 00 00 00 00 00 00 00 00 00 00 00 00 00 00 00 94 11 95 00 00 00 3C 00 1F 00 00 00 00 01 00 22 00 00 00 00 00 00 00 00 00 00 00 00 00 00 00 00 00 00 00 00 00 00 00 00 00 00 00 00 00 00 00 00 00 02 00 00 00 00 00 00 00 00 00 00 00 00 00 00 00 00 00 00 00 00 00 00 00 00 00 00 00 00 00 00 00 00 00 00 00 00 00 00 00 00 00 00 00 00 00 00 00 00 00 00 00 00 00 00 00 00 00 00 00 00 00 00 00 00 00 00 00 00 00 00 00 02 00 00 00 00 00 00 00 00 00 00 00 00 00 00 00 00 00 00 00 00 00 00 00 00 00 00 00 00 00 00 00 00 00 00 00 02 00 00 00 00 00 00 00 00 00 00 00 00 00 00 00 00 00 00 00 00 00 00 00 00 00 00 00 00 00 00 00 00 00 00 00 02 00 00 00 00 00 00 00 00 00 00 00 00 00 00 00 00 00 00 00 00 00 00 00 00 00 00 00 00 00 00 00 00 00 00 00 02 00 00 00 00 00 00 00 00 00 00 00 00 00 00 00 00 00 00 00 00 00 00 00 00 00 00 00 00 00 00 00 00 00 00 00 02 00 00 00 00 00 00 00 00 00 00 00 00 00 00 00 00 00 00 00 00 00 00 00 00 00 00 00 00 00 00 00 00 00 00 00 02 00 00 00 00 00 00 00 00 00 00 00 00 00 00 00 00 00 00 00 00 00 00 00 00 00 00 00 00 00 00 00 00 00 00 00 02 00 00 00 00 00 00 00 00 00 00 00 00 00 00 00 00 00 00 00 00 00 00 2C 01 00 00 00 00 1E 00 9F 20 01 02 01 00 00 08 00 00 00 00 00 04 1C 00 00 00 00 00 00 14 00 03 03 03 00 00 00 00 03 32 00 00 3C 00 1F 00 00 00 00 01 00 42 00 00 00 00 00 00 00 00 00 00 00 00 00 00 00 00 00 00 00 00 00 00 04 32 00 00 3C 00 1F 00 00 00 00 01 00 43 00 00 00 00 00 00 00 00 00 00 00 00 00 00 00 00 00 00 00 00 05 00 00 00 00 00 00 00 1F 00 0B 00 00 05 00 00 00 00 00 00 00 00 00 00 00 00 00 00 00 00 00 00 00 00 00 00 05 00 00 00 00 00 00 00 1F 00 0B 00 00 05 00 FF 01 00 00 00 00 00 00 00 00 00 00 00 00 00 00 00 00 00 00 00 05 00 00 00 00 00 00 00 1F 00 0B 00 00 05 00 FF 02 00 00 00 00 00 00 00 00 00 00 00 00 00 00 00 00 00 00 00 05 00 00 00 00 00 00 00 1F 00 0B 00 00 05 00 FF 03 00 00 00 00 00 00 00 00 00 00 00 00 00 00 00 00 00 00 00 05 00 00 00 00 00 00 00 1F 00 0B 00 00 05 00 FF 04 00 00 00 00 00 00 00 00 00 00 00 00 00 00 00 00 00 00 00 05 00 00 00 00 00 00 00 1F 00 0B 00 00 05 00 FF 05 00 00 00 00 00 00 00 00 00 00 00 00 00 00 00 00 00 00 00 05 00 00 00 00 00 00 00 1F 00 0B 00 00 05 00 FF 06 00 00 00 00 00 00 00 00 00 00 00 00 00 00 00 00 00 00 00 05 00 00 00 00 00 00 00 1F 00 0B 00 00 05 00 FF 07 00 00 00 00 00 00 00 00 00 00 00 00 00 00 00 00 00 00 00 05 00 00 00 00 00 00 00 1F 00 0B 00 00 05 00 FF 08 00 00 00 00 00 00 00 00 00 00 00 00 00 00 00 00 00 00 00 05 00 00 00 00 00 00 00 1F 00 0B 00 00 05 00 FF 09 00 00 00 00 00 00 00 00 00 00 00 00 00 00 00 00 00 00 00 05 00 00 00 00 00 00 00 1F 00 0B 00 00 05 00 FF 0A 00 00 00 00 00 00 00 00 00 00 00 00 00 00 00 00 00 00 00 05 00 00 00 00 00 00 00 1F 00 0B 00 00 05 00 FF 0B 00 00 00 00 00 00 00 00 00 00 00 00 00 00 00 00 00 00 00 02 00 05 00 01 01 0A 50 89 41 0C 00 01 07 01 00 10 00 00 00 00 00 00 00 00 00 00 00 00 00 00 00 00 00 00 00 02 00 06 00 02 02 0A 50 8A 41 0C 00 01 07 01 01 01 00 00 00 00 00 00 00 00 00 00 00 00 00 00 00 00 00 00 00 02 00 07 00 03 03 0A 50 8C 41 0C 00 01 07 01 02 02 00 00 00 00 00 00 00 00 00 00 00 00 00 00 00 00 00 00 00 02 00 08 00 04 04 0A 50 8B 41 0C 00 01 07 01 03 04 00 00 00 00 00 00 00 00 00 00 00 00 00 00 00 00 00 00 00 02 00 09 00 05 05 0A 50 8E 41 0C 00 01 07 01 04 08 00 00 00 00 00 00 00 00 00 00 00 00 00 00 00 00 00 00 00 02 00 0A 0A 06 06 0A 50 81 21 0C 00 01 07 01 05 00 00 00 00 00 01 00 00 00 00 00 00 00 00 0A 00 00 00 00 00 02 00 01 0A 07 07 0A 50 83 21 0C 00 01 07 01 06 00 00 00 00 00 04 00 00 00 00 00 00 00 0A 00 00 00 00 00 00 02 00 0B 00 08 08 0A 50 84 41 0C 00 01 07 01 07 20 00 00 00 00 00 00 00 00 00 00 00 00 00 00 00 00 00 00 00 A0 00 0C 00 09 09 0A 50 82 41 0C 00 01 07 01 08 3F 00 00 00 00 00 00 00 00 00 00 00 00 00 00 00 00 00 00 00 5F 00 0D 19 0A 0A 0A 50 8D 21 0C 00 01 07 01 09 00 00 00 00 00 04 00 00 00 00 00 00 00 FD 00 00 00 00 00 00 02 00 0E 03 0B 0B 0A 50 86 01 0C 00 01 07 01 0A 00 00 00 00 00 00 00 00 00 00 00 00 00 00 00 00 00 00 00 00 02 00 0F 03 0C 0C 0A 50 85 01 0C 00 01 07 01 0B 00 00 00 00 00 00 00 00 00 00 00 00 00 00 00 00 00 00 00 00 02 00 10 03 0D 0D 0A 50 87 01 0C 00 01 07 01 0C 00 00 00 00 00 00 00 00 00 00 00 00 00 00 00 00 00 00 00 00 02 00 11 03 0E 0E 0A 50 8F 01 0C 00 01 07 01 0D 00 00 00 00 00 00 00 00 00 00 00 00 00 00 00 00 00 00 00 00 02 00 12 03 0F 0F 0A 50 90 01 0C 00 01 07 01 0E 00 00 00 00 00 00 00 00 00 00 00 00 00 00 00 00 00 00 00 00 02 00 00 00 00 00 0A 50 88 01 0C 00 01 07 01 0F 00 00 00 00 00 00 00 00 00 00 00 00 00 00 00 00 00 00 00 00 02 00 00 00 00 00 0A 5A 89 01 0C 00 01 07 01 10 00 00 00 00 00 00 00 00 00 00 00 00 00 00 00 00 00 00 00 00 02 00 00 00 00 00 0A 5A 8A 01 0C 00 01 07 01 11 00 00 00 00 00 00 00 00 00 00 00 00 00 00 00 00 00 00 00 00 02 00 00 00 00 00 0A 5A 8C 01 0C 00 01 07 01 12 00 00 00 00 00 00 00 00 00 00 00 00 00 00 00 00 00 00 00 00 02 00 00 00 00 00 0A 5A 8B 01 0C 00 01 07 01 13 00 00 00 00 00 00 00 00 00 00 00 00 00 00 00 00 00 00 00 00 02 00 00 00 00 00 0A 5A 8E 01 0C 00 01 07 01 14 00 00 00 00 00 08 1C F6 00 00 00 00 00 00 00 0A 05 02 00 00 02 00 00 00 00 00 0A 5A 81 01 0C 00 01 07 01 15 00 00 00 00 00 10 1C 00 F6 00 00 00 00 00 00 0A 05 02 00 00 02 00 00 00 00 00 0A 5A 83 01 0C 00 01 07 01 16 00 00 00 00 00 20 1C 00 00 F6 00 00 00 00 00 0A 05 02 00 00 02 00 00 00 00 00 0A 5A 84 01 0C 00 01 07 01 17 00 00 00 00 00 80 1C 00 00 00 00 F6 00 00 00 0A 05 02 00 00 02 00 00 00 00 00 0A 5A 82 01 0C 00 01 07 01 18 00 00 00 00 00 00 1D 00 00 00 00 00 F6 00 00 0A 05 02 00 00 02 00 00 00 00 00 0A 5A 8D 01 0C 00 01 07 01 19 00 00 00 00 00 40 1C 00 00 00 F6 00 00 00 00 0A 05 02 00 00 02 00 00 00 00 00 0A 5A 86 01 0C 00 01 07 01 1A 00 00 00 00 00 00 00 00 00 00 00 00 00 00 00 00 00 00 00 00 02 00 00 00 00 00 0A 5A 85 01 0C 00 01 07 01 1B 00 00 00 00 00 00 00 00 00 00 00 00 00 00 00 00 00 00 00 00 02 00 00 00 00 00 0A 5A 87 01 0C 00 01 07 01 1C 00 00 00 00 00 00 00 00 00 00 00 00 00 00 00 00 00 00 00 00 02 00 00 00 00 00 0A 5A 8F 01 0C 00 01 07 01 1D 00 00 00 00 00 00 00 00 00 00 00 00 00 00 00 00 00 00 00 00 02 00 00 00 00 00 0A 5A 90 01 0C 00 01 07 01 1E 00 00 00 00 00 00 00 00 00 00 00 00 00 00 00 00 00 00 00 00 02 00 00 00 00 00 0A 5A 88 01 0C 00 01 07 01 1F 00 00 00 00 00 00 00 00 00 00 00 00 00 00 00 00 00 00 00 00 02 00 00 00 00 00 0A 64 89 01 0C 00 01 07 01 20 00 00 00 00 00 00 00 00 00 00 00 00 00 00 00 00 00 00 00 00 02 00 00 00 00 00 0A 64 8A 01 0C 00 01 07 01 21 00 00 00 00 00 00 00 00 00 00 00 00 00 00 00 00 00 00 00 00 02 00 00 00 00 00 0A 64 8C 01 0C 00 01 07 01 22 00 00 00 00 00 00 00 00 00 00 00 00 00 00 00 00 00 00 00 00 02 00 13 00 00 00 0A 50 89 01 0C 00 01 07 01 23 00 00 00 00 00 00 00 00 00 00 00 00 00 00 00 00 00 00 00 00 02 00 14 00 00 00 0A 50 8A 01 0C 00 01 07 01 24 00 00 00 00 00 00 00 00 00 00 00 00 00 00 00 00 00 00 00 00 02 00 15 00 00 00 0A 50 8C 01 0C 00 01 07 01 25 00 00 00 00 00 00 00 00 00 00 00 00 00 00 00 00 00 00 00 00 02 00 16 00 00 00 0A 50 8B 01 0C 00 01 07 01 26 00 00 00 00 00 00 00 00 00 00 00 00 00 00 00 00 00 00 00 00 02 00 17 00 00 00 0A 50 8E 01 0C 00 01 07 01 27 00 00 00 00 00 00 00 00 00 00 00 00 00 00 00 00 00 00 00 00 02 00 18 00 00 00 0A 50 81 01 0C 00 01 07 01 28 00 00 00 00 00 00 00 00 00 00 00 00 00 00 00 00 00 00 00 00 02 00 19 00 00 00 0A 50 83 01 0C 00 01 07 01 29 00 00 00 00 00 00 00 00 00 00 00 00 00 00 00 00 00 00 00 00 02 00 1A 00 00 00 0A 50 84 01 0C 00 01 07 01 2A 00 00 00 00 00 00 00 00 00 00 00 00 00 00 00 00 00 00 00 00 02 00 1B 00 00 00 0A 50 82 01 0C 00 01 07 01 2B 00 00 00 00 00 00 00 00 00 00 00 00 00 00 00 00 00 00 00 00 02 00 1C 00 00 00 0A 50 8D 01 0C 00 01 07 01 2C 00 00 00 00 00 00 00 00 00 00 00 00 00 00 00 00 00 00 00 00 02 00 1D 00 00 00 0A 50 86 01 0C 00 01 07 01 2D 00 00 00 00 00 00 00 00 00 00 00 00 00 00 00 00 00 00 00 00 02 00 1E 00 00 00 0A 50 85 01 0C 00 01 07 01 2E 00 00 00 00 00 00 00 00 00 00 00 00 00 00 00 00 00 00 00 00 02 00 1F 00 00 00 0A 50 87 01 0C 00 01 07 01 2F 00 00 00 00 00 00 00 00 00 00 00 00 00 00 00 00 00 00 00 00 02 00 20 00 00 00 0A 50 8F 01 0C 00 01 07 01 30 00 00 00 00 00 00 00 00 00 00 00 00 00 00 00 00 00 00 00 00 02 00 21 00 00 00 0A 50 90 01 0C 00 01 07 01 31 00 00 00 00 00 00 00 00 00 00 00 00 00 00 00 00 00 00 00 00 02 00 22 00 00 00 0A 50 88 01 0C 00 01 07 01 32 00 00 00 00 00 00 00 00 00 00 00 00 00 00 00 00 00 00 00 00 02 00 23 00 00 00 0A 50 80 01 0C 00 01 07 01 33 00 00 00 00 00 00 00 00 00 00 00 00 00 00 00 00 00 00 00 00 02 00 24 04 10 10 0A 64 8B 01 0C 00 01 07 01 34 00 00 00 00 00 00 00 00 00 00 00 00 00 00 00 00 00 00 00 00 02 00 25 04 11 11 0A 64 8E 01 0C 00 01 07 01 35 00 00 00 00 00 00 00 00 00 00 00 00 00 00 00 00 00 00 00 00 02 00 26 04 12 12 0A 64 81 01 0C 00 01 07 01 36 00 00 00 00 00 00 00 00 00 00 00 00 00 00 00 00 00 00 00 00 02 00 27 04 13 13 0A 64 83 01 0C 00 01 07 01 37 00 00 00 00 00 00 00 00 00 00 00 00 00 00 00 00 00 00 00 00 02 00 28 04 14 14 0A 64 84 01 0C 00 01 07 01 38 00 00 00 00 00 00 00 00 00 00 00 00 00 00 00 00 00 00 00 00 02 00 29 04 15 15 0A 64 82 01 0C 00 01 07 01 39 00 00 00 00 00 00 00 00 00 00 00 00 00 00 00 00 00 00 00 00 02 00 2A 04 16 16 0A 64 8D 01 0C 00 01 07 01 3A 00 00 00 00 00 00 00 00 00 00 00 00 00 00 00 00 00 00 00 00 02 00 2B 01 00 00 0A 64 86 01 0C 00 01 07 01 3B 00 00 00 00 00 00 00 00 00 00 00 00 00 00 00 00 00 00 00 00 02 00 2C 04 17 17 0A 64 85 01 0C 00 01 07 01 3C 00 00 00 00 00 00 00 00 00 00 00 00 00 00 00 00 00 00 00 00 02 00 2D 04 00 00 0A 64 87 01 0C 00 01 07 01 3D 00 00 00 00 00 00 00 00 00 00 00 00 00 00 00 00 00 00 00 00 02 00 2E 04 00 00 0A 64 8F 01 0C 00 01 07 01 3E 00 00 00 00 00 00 00 00 00 00 00 00 00 00 00 00 00 00 00 00 02 00 2F 04 00 00 0A 64 90 01 0C 00 01 07 01 3F 00 00 00 00 00 00 00 00 00 00 00 00 00 00 00 00 00 00 00 00 90 01 30 0A 00 00 0A 00 1F 00 00 00 00 01 00 20 00 00 00 00 00 00 00 00 00 00 00 00 00 00 00 00 00 00 00 00 32 00 31 00 00 18 0A 00 1F 00 00 00 00 01 01 2C 00 00 00 00 00 00 00 00 00 00 00 00 00 00 00 00 00 00 00 00 2C 01 32 00 00 00 C8 00 1F 00 00 00 00 01 00 05 00 00 00 00 00 00 00 00 00 00 00 00 00 00 00 00 00 00 00 00 00 00 00 00 00 00 00 00 7F 02 05 00 00 08 00 01 00 00 00 00 00 00 00 00 00 00 00 00 00 00 00 00 00 00 00 00 90 01 33 14 00 00 50 00 1F 00 00 00 00 01 00 30 00 00 00 00 00 00 00 00 00 00 00 00 00 00 00 00 00 00 00 00 90 01 34 00 00 00 0A 00 1F 00 00 00 00 01 00 27 00 00 00 00 00 00 00 00 00 00 00 00 00 00 00 00 00 00 00 00 78 00 35 00 00 19 0A 00 1F 00 00 00 00 01 01 25 00 00 00 00 00 00 00 00 00 00 00 00 00 00 00 00 00 00 00 00 94 11 36 00 00 00 0A 00 1F 00 00 00 00 01 00 07 00 00 00 00 00 00 00 00 00 00 00 00 00 00 00 00 00 00 00 00 2C 01 37 0A 00 1A 1E 00 1F 00 06 00 01 02 00 49 00 08 00 00 00 00 00 00 00 00 00 00 00 00 00 00 00 00 00 00 64 00 38 14 00 00 0A 00 1F 00 00 00 00 01 00 5F 00 00 00 00 00 00 00 00 00 00 00 00 00 00 00 00 00 00 00 00 E8 03 39 0A 00 00 1E 00 1F 00 00 00 00 01 00 00 00 00 00 00 00 00 00 00 00 00 00 00 00 00 00 00 00 00 00 00 F4 01 3A 00 00 00 1E 00 1F 00 00 00 00 01 00 02 00 00 00 00 00 00 00 00 00 00 00 00 00 00 00 00 00 00 00 00 00 00 3B 32 00 00 1E 00 1F 00 00 00 00 01 00 41 0F 00 00 00 00 00 00 00 00 00 00 00 00 00 00 00 00 00 00 00 C8 00 3C 00 00 00 5A 00 1F 00 06 00 00 01 00 3A 00 08 00 00 00 00 00 00 00 00 00 00 00 00 00 00 00 00 00 00 C8 00 3D 00 00 00 1E 00 1F 00 06 00 00 01 00 39 00 08 00 00 00 00 00 00 00 00 00 00 00 00 00 00 00 00 00 00 90 01 3E 00 00 00 1E 00 1F 00 00 00 00 01 00 01 00 00 00 00 00 00 00 00 00 00 00 00 00 00 00 00 00 00 00 00 2C 01 3F 00 00 00 1E 00 1F 00 00 00 00 01 00 50 00 00 00 00 00 00 00 00 00 00 00 00 00 00 00 00 00 00 00 00 08 07 40 0A 00 00 0A 00 1F 00 00 00 00 01 00 14 00 00 00 00 00 00 00 00 00 00 00 00 00 00 00 00 00 00 00 00 64 00 41 00 00 00 1E 00 1F 00 00 00 00 01 00 03 00 00 00 00 00 00 00 00 00 00 00 00 00 00 00 00 00 00 00 00 F4 01 42 00 00 00 1E 00 1F 00 00 00 00 01 00 21 00 00 00 00 00 00 00 00 00 00 00 00 00 00 00 00 00 00 00 00 C8 00 43 14 00 00 1E 00 1F 00 06 00 01 02 00 64 00 08 00 00 00 00 00 00 00 00 00 00 00 00 00 00 00 00 00 00 18 15 44 0A 00 00 0A 00 1F 00 00 00 00 01 00 33 00 00 00 00 00 00 00 00 00 00 00 00 00 00 00 00 00 00 00 00 C8 00 45 0A 00 00 1E 00 1F 00 06 00 01 01 00 4C 00 08 00 00 00 00 00 00 00 00 00 00 00 00 00 00 00 00 00 00 10 27 46 00 00 1B 1E 00 1F 00 00 00 00 01 00 3F 00 00 00 00 00 00 00 00 00 00 00 00 00 00 00 00 00 00 00 00 64 00 47 14 00 00 0A 00 1F 00 00 00 00 01 00 69 00 00 00 00 00 00 00 00 00 00 00 00 00 00 00 00 00 00 00 00 64 00 48 14 00 00 64 00 1F 00 00 00 00 01 00 67 00 00 00 00 00 00 00 00 00 00 00 00 00 00 00 00 00 00 00 00 64 00 49 14 00 00 1E 00 1F 00 00 00 00 01 00 5E 00 00 00 00 00 00 00 00 00 00 00 00 00 00 00 00 00 00 00 00 64 00 4A 14 00 00 1E 00 1F 00 00 00 00 01 00 5A 00 00 00 00 00 00 00 00 00 00 00 00 00 00 00 00 00 00 00 00 64 00 4B 14 00 00 1E 00 1F 00 00 00 00 01 00 5B 00 00 00 00 00 00 00 00 00 00 00 00 00 00 00 00 00 00 00 00 64 00 4C 14 00 00 1E 00 1F 00 00 00 00 01 00 5C 00 00 00 00 00 00 00 00 00 00 00 00 00 00 00 00 00 00 00 00 64 00 4D 14 00 00 1E 00 1F 00 00 00 00 01 00 65 00 00 00 00 00 00 00 00 00 00 00 00 00 00 00 00 00 00 00 00 64 00 4E 14 00 00 32 00 1F 00 00 00 00 01 00 6A 00 00 00 00 00 00 00 00 00 00 00 00 00 00 00 00 00 00 00 00 64 00 4F 14 00 1C 46 00 1F 00 00 00 00 01 00 66 00 00 00 00 00 00 00 00 00 00 00 00 00 00 00 00 00 00 00 00 64 00 50 14 00 00 1E 00 1F 00 00 00 00 01 00 5D 00 00 00 00 00 00 00 00 00 00 00 00 00 00 00 00 00 00 00 00 64 00 51 14 00 00 1E 00 1F 00 00 00 00 01 00 68 00 00 00 00 00 00 00 00 00 00 00 00 00 00 00 00 00 00 00 00 64 00 52 14 00 00 1E 00 1F 00 00 00 00 01 00 63 00 00 00 00 00 00 00 00 00 00 00 00 00 00 00 00 00 00 00 00 64 00 53 14 00 00 1E 00 1F 00 00 00 00 01 00 60 00 00 00 00 00 00 00 00 00 00 00 00 00 00 00 00 00 00 00 00 64 00 54 14 00 00 46 00 1F 00 00 00 00 01 00 61 00 00 00 00 00 00 00 00 00 00 00 00 00 00 00 00 00 00 00 00 64 00 55 14 00 00 0A 00 1F 00 00 00 00 01 00 62 00 00 00 00 00 00 00 00 00 00 00 00 00 00 00 00 00 00 00 00 C8 00 56 00 00 00 1E 00 1F 00 06 00 00 01 00 46 00 08 00 00 00 00 00 00 00 00 00 00 00 00 00 00 00 00 00 00 90 01 57 04 00 00 1E 00 1F 00 00 00 00 01 00 11 00 00 00 00 00 00 00 00 00 00 00 00 00 00 00 00 00 00 00 00 C8 00 4D 14 00 00 0A 00 1F 00 00 00 00 01 00 51 00 00 00 00 00 00 00 00 00 00 00 00 00 00 00 00 00 00 00 00 F4 01 30 0A 00 00 0A 00 1F 00 00 00 00 01 00 51 00 00 00 00 00 00 00 00 00 00 00 00 00 00 00 00 00 00 00 00 E8 03 58 00 00 00 28 00 1F 00 00 00 00 01 00 3E 00 00 00 00 00 00 00 00 00 00 00 00 00 00 00 00 00 00 00 00 64 00 59 00 00 00 0A 00 1F 00 00 00 00 01 00 40 00 00 00 00 00 00 00 00 00 00 00 00 00 00 00 00 00 00 00 00 64 00 5A 00 00 00 5A 00 1F 00 00 00 00 01 00 3D 00 00 00 00 00 00 00 00 00 00 00 00 00 00 00 00 00 00 00 00 64 00 5B 00 00 00 3C 00 1F 00 00 00 00 01 00 3B 00 00 00 00 00 00 00 00 00 00 00 00 00 00 00 00 00 00 00 00 0A 00 00 00 00 00 0A 00 1F 00 00 00 00 01 00 6B 00 00 00 00 00 00 00 00 00 00 00 00 00 00 00 00 00 00 00 00 0A 00 00 00 00 00 0A 00 1F 00 00 00 00 01 00 6C 00 00 00 00 00 00 00 00 00 00 00 00 00 00 00 00 00 00 00 00 0A 00 00 00 00 00 0A 00 1F 00 00 00 00 01 00 6D 00 00 00 00 00 00 00 00 00 00 00 00 00 00 00 00 00 00 00 00 0A 00 00 00 00 00 0A 00 1F 00 00 00 00 01 00 6E 00 00 00 00 00 00 00 00 00 00 00 00 00 00 00 00 00 00 00 00 0A 00 00 00 00 00 0A 00 1F 00 00 00 00 01 00 6F 00 00 00 00 00 00 00 00 00 00 00 00 00 00 00 00 00 00 00 00 90 01 5C 0A 00 00 0A 00 1F 00 00 00 00 01 00 19 00 00 00 00 00 00 00 00 00 00 00 00 00 00 00 00 00 00 00 00 90 01 5D 0A 00 00 0A 00 1F 00 00 00 00 01 00 34 00 00 00 00 00 00 00 00 00 00 00 00 00 00 00 00 00 00 00 00 90 01 5E 0A 00 00 0A 00 1F 00 00 00 00 01 00 26 00 00 00 00 00 00 00 00 00 00 00 00 00 00 00 00 00 00 00 00 A0 0F 5F 14 00 00 0A 00 1F 00 00 00 00 01 00 32 00 00 00 00 00 00 00 00 00 00 00 00 00 00 00 00 00 00 00 00 D0 07 60 03 00 00 1E 00 1F 00 00 00 00 01 00 0F 00 00 00 00 00 00 00 00 00 00 00 00 00 00 00 00 00 00 00 00 EC 13 61 1E 00 00 1E 00 1F 00 00 00 00 01 00 10 00 00 00 00 00 00 00 00 00 00 00 00 00 00 00 00 00 00 00 00 64 00 62 00 00 00 0A 00 1F 00 00 00 00 01 01 1E 00 00 00 00 00 00 00 00 00 00 00 00 00 00 00 00 00 00 00 00 DC 05 51 14 00 1D 1E 00 1F 00 00 00 00 01 00 0A 00 00 00 00 00 00 00 00 00 00 00 00 00 00 00 00 00 00 00 00 DC 05 64 00 00 1E 1E 00 1F 00 00 00 00 01 00 09 00 00 00 00 00 00 00 00 00 00 00 00 00 00 00 00 00 00 00 00 64 00 65 00 00 00 0A 00 1F 00 00 00 00 01 00 3C 00 00 00 00 00 00 00 00 00 00 00 00 00 00 00 00 00 00 00 00 78 00 66 00 00 00 0A 00 1F 00 00 00 00 01 01 13 00 00 00 00 00 00 00 00 00 00 00 00 00 00 00 00 00 00 00 00 90 01 67 28 00 00 0A 00 1F 00 00 00 00 01 00 23 00 00 00 00 00 00 00 00 00 00 00 00 00 00 00 00 00 00 00 00 90 01 68 21 00 00 1E 00 1F 00 00 00 00 01 00 24 00 00 00 00 00 00 00 00 00 00 00 00 00 00 00 00 00 00 00 00 C8 00 69 00 00 00 82 00 1F 00 00 00 00 01 00 17 00 00 00 00 00 00 00 00 00 00 00 00 00 00 00 00 00 00 00 00 90 01 6A 00 00 00 0A 00 1F 00 00 00 00 01 00 1B 00 00 00 00 00 00 00 00 00 00 00 00 00 00 00 00 00 00 00 00 90 01 6B 00 00 00 0A 00 1F 00 00 00 00 01 00 1C 00 00 00 00 00 00 00 00 00 00 00 00 00 00 00 00 00 00 00 00 8E 12 6C 0C 00 00 1E 00 1F 00 00 00 00 01 00 18 00 00 00 00 00 00 00 00 00 00 00 00 00 00 00 00 00 00 00 00 90 01 6D 05 00 00 28 00 1F 00 00 00 00 01 00 0E 00 00 00 00 00 00 00 00 00 00 00 00 00 00 00 00 00 00 00 00 90 01 6E 05 00 00 0A 00 1F 00 00 00 00 01 00 0D 00 00 00 00 00 00 00 00 00 00 00 00 00 00 00 00 00 00 00 00 90 01 6F 05 00 00 3C 00 1F 00 00 00 00 01 00 0C 00 00 00 00 00 00 00 00 00 00 00 00 00 00 00 00 00 00 00 00 90 01 70 05 00 00 3C 00 1F 00 00 00 00 01 00 0B 00 00 00 00 00 00 00 00 00 00 00 00 00 00 00 00 00 00 00 00 C8 00 71 00 00 00 5A 00 1F 00 00 00 00 01 00 36 00 00 00 00 00 00 00 00 00 00 00 00 00 00 00 00 00 00 00 00 94 11 72 00 00 00 0A 00 1F 00 00 00 00 01 00 06 00 00 00 00 00 00 00 00 00 00 00 00 00 00 00 00 00 00 00 00 90 01 73 04 00 00 50 00 1F 00 00 00 00 01 00 16 00 00 00 00 00 00 00 00 00 00 00 00 00 00 00 00 00 00 00 00 F4 01 74 08 00 00 46 00 1F 00 00 00 00 01 00 04 00 00 00 00 00 00 00 00 00 00 00 00 00 00 00 00 00 00 00 00 F4 01 75 08 00 00 46 00 1F 00 00 00 00 01 00 04 00 00 00 00 00 00 00 00 00 00 00 00 00 00 00 00 00 00 00 00 F4 01 76 08 00 00 46 00 1F 00 00 00 00 01 00 04 00 00 00 00 00 00 00 00 00 00 00 00 00 00 00 00 00 00 00 00 F4 01 77 08 00 00 46 00 1F 00 00 00 00 01 00 04 00 00 00 00 00 00 00 00 00 00 00 00 00 00 00 00 00 00 00 00 F4 01 78 08 00 00 46 00 1F 00 00 00 00 01 00 04 00 00 00 00 00 00 00 00 00 00 00 00 00 00 00 00 00 00 00 00 F4 01 79 08 00 00 46 00 1F 00 00 00 00 01 00 04 00 00 00 00 00 00 00 00 00 00 00 00 00 00 00 00 00 00 00 00 96 00 7A 00 00 00 0A 00 1F 00 00 00 00 01 00 1A 00 00 00 00 00 00 00 00 00 00 00 00 00 00 00 00 00 00 00 00 90 01 7B 64 00 00 0A 00 1F 00 00 00 00 01 00 10 00 00 00 00 00 00 00 00 00 00 00 00 00 00 00 00 00 00 00 00 94 11 7C 00 00 00 0A 00 1F 00 00 00 00 01 00 08 00 00 00 00 00 00 00 00 00 00 00 00 00 00 00 00 00 00 00 00 64 00 7D 14 00 00 5A 00 1F 00 00 00 00 01 00 94 00 00 00 00 00 00 00 00 00 00 00 00 00 00 00 00 00 00 00 00 64 00 7E 14 00 00 5A 00 1F 00 00 00 00 01 00 95 00 00 00 00 00 00 00 00 00 00 00 00 00 00 00 00 00 00 00 00 64 00 7F 14 00 00 5A 00 1F 00 00 00 00 01 00 96 00 00 00 00 00 00 00 00 00 00 00 00 00 00 00 00 00 00 00 00 64 00 80 14 00 00 5A 00 1F 00 00 00 00 01 00 97 00 00 00 00 00 00 00 00 00 00 00 00 00 00 00 00 00 00 00 00 64 00 81 14 00 00 5A 00 1F 00 00 00 00 01 00 98 00 00 00 00 00 00 00 00 00 00 00 00 00 00 00 00 00 00 00 00 64 00 82 14 00 00 5A 00 1F 00 00 00 00 01 00 99 00 00 00 00 00 00 00 00 00 00 00 00 00 00 00 00 00 00 00 00 64 00 83 14 00 00 5A 00 1F 00 00 00 | B1: =SUBSTITUTE(A1," ","") -> 00000000000000001F08000102040003000000000000000000000000000000000000000028000000000000001F0800010204000201000000000000000000000000000000000000001E000000000000001F0800010204000102000000000000000000000000000000000000000A000000000000001F08000102040000030000000000000000000000000000000000000000000000000000001F0800010204000F040000000000000000000000000000000000000032000000000000001F08000102040007050000000000000000000000000000000000000032000000000000001F0800010204000D060000000000000000000000000000000000000032000000000000001F08000102040008070000000000000000000000000000000000000032000000000000001F0800010204000C080000000000000000000000000000000000000032000000000000001F0800010204000B090000000000000000000000000000000000000032000000000000001F0800010204000E0A000000000000000000000000000000000000000F000000000000001F080001020400040B0000000000000000000000000000000000000032000000000000001F0800010204000A0C000000000000000000000000000000000000000F000000000000001F080001020400060D0000000000000000000000000000000000000032000000000000001F080001020400090E0000000000000000000000000000000000000000000000000000001F080001020400050F000000000000000000000000000000000000001400001400001E009F2001020100000200000000000400000000000000140000000000001400000000001E009F4001020100001102000000000000000000000000000000000000001E00000000001E009F4001020100001304000000000000000000000000000000000000000A00000000001E009F4001020100001408000000000000000000000000000000000000000A00000000001E009F4001020100001501000000000000000000000000000000000000001E00000000001E009F400102010000121000000000000000000000000000000000000000F00A00FF00001E009F600102010000043F000000000400000000000000FF000000000000A80700FF00001E009F2001020100000300000000000400000000000000FF000000000000F40100C800001E009F2001020100000200000000000400000000000000C80000000000004600003C00001E009F20010201000002000000000004000000000000003C0000000000001801000000001E009F400102010000193F00000000000000000000000000000000000000C409000000001E009F4001000100000500010000000400000000000000010000000000008813000000001E009F4001020100000600010000000000000000000000FD0000000000001400001E00001E009F2001020100000900000000000400000000000000320000000000001E00003200001E009F2001020100000A000000000004000000000000003C0000000000002800004600001E009F2001020100000B00000000000400000000000000500000000000007800006400001E009F2001020100000C00000000000400000000000000640000000000003200000000001E009F2001020100000D0000000000041C0000000000003C00FBFBF600007800000000001E009F2001020100000E0000000000041C0000000000007800F6F6F100001E00000000001E009F4001020100001A3F00000000001C0000000000000000FBFBF60000A60E000000001E009F4001020100000F0001000000001C000000000000FD00F1F1EC00007800000A00001E009F2001020100002200000000000100000000000000000A0000000000C80000FF00001E009F2001020100002300000000000100000000000000007F0000000000B400000A00001E009F2001020100002400000000000200000000000000000A0000000000FA0000FF00001E009F2001020100002500000000000200000000000000007F00000000002300000000001E009F4001020100001B3F000000000000000000000000000000000000001400013200001E009F2001020100010700000000000400000000000000320000000000009001000000001E009F000100010000001F03000000041C000000000000FF0001010100000900000000001E009F000100010000260000000000081C0A0000000000000005030200000900000000001E009F000100010000270000000000101C000A00000000000005030200000900000000001E009F000100010000280000000000201C00000A000000000005030200000900000000001E009F0001000100002B0000000000401C0000000A0000000005030200000900000000001E009F000100010000290000000000801C000000000A00000005030200000500000000001E009F000100010000350007000000001C00000000000000000503020000E803000000001E009F000100010000320000000040001C000000000000000005030200000900000000001E009F0001000100002A0000000000001D00000000000A000005030200002C01000000001E009F000100010000330000000080001C000000000000000005030200002300000000001E009F4001020100001C3F000000000000000000000000000000000000005E01000000001E001F100000010300078000000000000C00000000000000000101000000F401000000001E001F100000010300060000000010000C00000000000000000101000000F401000000001E001F100000010300000020000000000C00000000000000000101000000F401000000001E001F100000010300010000020000000C00000000000000000101000000F401000000001E001F100000010300020000002000000C00000000000000000101000000F401000000001E001F100000010300050000000002000C00000000000000000101000000F401000000001E001F100000010300030000200000000C00000000000000000101000000F401000000001E001F100000010300040000000200000C000000000000000001010000000A00000000001E001F1000030103000800000000000000000000000000000000000000000A00000000001E001F1000030103000900000000000000000000000000000000000000000200000000001E009F4001020103101601000000000000000000000000000000000000000200000000001E009F4000020103101720000000000000000000000000000000000000000200000000001E009F4000020103101840000000000000000000000000000000000000000200000000001E001F000A000102107800000000000000000000000000000000000000000200000000001E001F000A000102107900000000000000000000000000000000000000000200000000001E001F0000000102001800000000000000000000000000000000000000000200000000001E001F0000000102001900000000000000000000000000000000000000006400000000001E001F0000000102006400000000000000000000000000000000000000006400000000001E001F0000000102006500000000000000000000000000000000000000006400000000001E001F0000000102006600000000000000000000000000000000000000006400000000001E001F0000000102006700000000000000000000000000000000000000004600002800001E001F0005000102000100000000000000000000000000000000000000003200006400001E001F0005000102000000000000000000000000000000000000000000006400000000001E001F0007000102000300000000000000000000000000000000000000002800001400001E001F0005000102000200000000000000000000000000000000000000002C01000000001E001F0006000102004C00080000000000000000000000000000000000002C01000000001E001F0006000102004D00080000000000000000000000000000000000002C01000000001E001F0006000102004700080000000000000000000000000000000000002C01000000001E001F0006000102004900080000000000000000000000000000000000002C01000000001E001F0006000102004800080000000000000000000000000000000000002C01000000001E001F0006000102004A0008000000000000000000000000000000000000C800000000001E001F000000010200110000000000000000000000000000000000000000E803000000001E001F0000000102000A00000000000000000000000000000000000000009001000000001E001F000000010200100000000000000000000000000000000000000000800C000000001E001F0000000102000B00000000000000000000000000000000000000005802000000001E001F0000000102001300000000000000000000000000000000000000009808000000001E001F000000010200120000000000000000000000000000000000000000D007000000001E001F0000000102000F00000000000000000000000000000000000000003200000000001E001F0000000102008200000000000000000000000000000000000000001E00000000001E001F000400010200AB00000000000000000000000000000000000000001400000000001E001F000000010200FF00000000000000000000000000000000000000001400000000001E001F000000010200FF00000000000000000000000000000000000000001400000000001E001F000000010200FF00000000000000000000000000000000000000001400000000001E001F000000010200FF0000000000000000000000000000000000000000BC020000000064001F000000010200990000000000000000000000000000000000000000BC020000000064001F0000000102009A0000000000000000000000000000000000000000BC020000000064001F000000010200960000000000000000000000000000000000000000BC020000000064001F000000010200970000000000000000000000000000000000000000E8030000000064001F000600010200980008000000000000000000000000000000000000BC020000000064001F0000000102009B0000000000000000000000000000000000000000BC020000000064001F0000000102009C0000000000000000000000000000000000000000D0070000000064001F0000000102000D00000000000000000000000000000000000000002C010000000050001F0006000102004E00080000000000000000000000000000000000002C010000000050001F0006000102004F00080000000000000000000000000000000000002C010000000050001F000600010200510008000000000000000000000000000000000000C8000000000050001F000600010200500008000000000000000000000000000000000000D2000000000050001F0000000102000C00000000000000000000000000000000000000000000021400003C001F000000000100440000000000000000000000000000000000000000C4090000000050001F000000000100350000000000000000000000000000000000000000DC050000000050001F000000000100350000000000000000000000000000000000000000DC050000000000001F00000000000035000000000000000000000000000000000000000000000300000046001F00000000010045000000000000000000000000000000000000000000000300000046001F00000000010045000000000000000000000000000000000000000000000300000046001F00000000010045000000000000000000000000000000000000000000000300000046001F000000000100450000000000000000000000000000000000000000DC056400001A1E001F000000000100090000000000000000000000000000000000000000DC056400001B1E001F000000000100090000000000000000000000000000000000000000B80B950000003C001F00000000010022000000000000000000000000000000000000000000000000000000001F0000000001000303000000000000000000000000000000000000009411950000003C001F0000000001002200000000000000000000000000000000000000000000000000000000000000000002000000000000000000000000000000000000000000000000000000000000000000000000000000000000000000000000000000000000000000000000000000000000000000000002000000000000000000000000000000000000000000000000000000000000000000000002000000000000000000000000000000000000000000000000000000000000000000000002000000000000000000000000000000000000000000000000000000000000000000000002000000000000000000000000000000000000000000000000000000000000000000000002000000000000000000000000000000000000000000000000000000000000000000000002000000000000000000000000000000000000000000000000000000000000000000000002000000000000000000000000000000000000000000002C01000000001E009F200102010000080000000000041C000000000000140003030300000000033200003C001F0000000001004200000000000000000000000000000000000000000000043200003C001F00000000010043000000000000000000000000000000000000000005000000000000001F000B0000050000000000000000000000000000000000000000000005000000000000001F000B00000500FF010000000000000000000000000000000000000005000000000000001F000B00000500FF020000000000000000000000000000000000000005000000000000001F000B00000500FF030000000000000000000000000000000000000005000000000000001F000B00000500FF040000000000000000000000000000000000000005000000000000001F000B00000500FF050000000000000000000000000000000000000005000000000000001F000B00000500FF060000000000000000000000000000000000000005000000000000001F000B00000500FF070000000000000000000000000000000000000005000000000000001F000B00000500FF080000000000000000000000000000000000000005000000000000001F000B00000500FF090000000000000000000000000000000000000005000000000000001F000B00000500FF0A0000000000000000000000000000000000000005000000000000001F000B00000500FF0B000000000000000000000000000000000000000200050001010A5089410C000107010010000000000000000000000000000000000000000200060002020A508A410C000107010101000000000000000000000000000000000000000200070003030A508C410C000107010202000000000000000000000000000000000000000200080004040A508B410C000107010304000000000000000000000000000000000000000200090005050A508E410C0001070104080000000000000000000000000000000000000002000A0A06060A5081210C000107010500000000000100000000000000000A00000000000200010A07070A5083210C0001070106000000000004000000000000000A00000000000002000B0008080A5084410C00010701072000000000000000000000000000000000000000A0000C0009090A5082410C00010701083F000000000000000000000000000000000000005F000D190A0A0A508D210C000107010900000000000400000000000000FD00000000000002000E030B0B0A5086010C000107010A000000000000000000000000000000000000000002000F030C0C0A5085010C000107010B0000000000000000000000000000000000000000020010030D0D0A5087010C000107010C0000000000000000000000000000000000000000020011030E0E0A508F010C000107010D0000000000000000000000000000000000000000020012030F0F0A5090010C000107010E00000000000000000000000000000000000000000200000000000A5088010C000107010F00000000000000000000000000000000000000000200000000000A5A89010C000107011000000000000000000000000000000000000000000200000000000A5A8A010C000107011100000000000000000000000000000000000000000200000000000A5A8C010C000107011200000000000000000000000000000000000000000200000000000A5A8B010C000107011300000000000000000000000000000000000000000200000000000A5A8E010C00010701140000000000081CF6000000000000000A050200000200000000000A5A81010C00010701150000000000101C00F60000000000000A050200000200000000000A5A83010C00010701160000000000201C0000F600000000000A050200000200000000000A5A84010C00010701170000000000801C00000000F60000000A050200000200000000000A5A82010C00010701180000000000001D0000000000F600000A050200000200000000000A5A8D010C00010701190000000000401C000000F6000000000A050200000200000000000A5A86010C000107011A00000000000000000000000000000000000000000200000000000A5A85010C000107011B00000000000000000000000000000000000000000200000000000A5A87010C000107011C00000000000000000000000000000000000000000200000000000A5A8F010C000107011D00000000000000000000000000000000000000000200000000000A5A90010C000107011E00000000000000000000000000000000000000000200000000000A5A88010C000107011F00000000000000000000000000000000000000000200000000000A6489010C000107012000000000000000000000000000000000000000000200000000000A648A010C000107012100000000000000000000000000000000000000000200000000000A648C010C000107012200000000000000000000000000000000000000000200130000000A5089010C000107012300000000000000000000000000000000000000000200140000000A508A010C000107012400000000000000000000000000000000000000000200150000000A508C010C000107012500000000000000000000000000000000000000000200160000000A508B010C000107012600000000000000000000000000000000000000000200170000000A508E010C000107012700000000000000000000000000000000000000000200180000000A5081010C000107012800000000000000000000000000000000000000000200190000000A5083010C0001070129000000000000000000000000000000000000000002001A0000000A5084010C000107012A000000000000000000000000000000000000000002001B0000000A5082010C000107012B000000000000000000000000000000000000000002001C0000000A508D010C000107012C000000000000000000000000000000000000000002001D0000000A5086010C000107012D000000000000000000000000000000000000000002001E0000000A5085010C000107012E000000000000000000000000000000000000000002001F0000000A5087010C000107012F00000000000000000000000000000000000000000200200000000A508F010C000107013000000000000000000000000000000000000000000200210000000A5090010C000107013100000000000000000000000000000000000000000200220000000A5088010C000107013200000000000000000000000000000000000000000200230000000A5080010C000107013300000000000000000000000000000000000000000200240410100A648B010C000107013400000000000000000000000000000000000000000200250411110A648E010C000107013500000000000000000000000000000000000000000200260412120A6481010C000107013600000000000000000000000000000000000000000200270413130A6483010C000107013700000000000000000000000000000000000000000200280414140A6484010C000107013800000000000000000000000000000000000000000200290415150A6482010C0001070139000000000000000000000000000000000000000002002A0416160A648D010C000107013A000000000000000000000000000000000000000002002B0100000A6486010C000107013B000000000000000000000000000000000000000002002C0417170A6485010C000107013C000000000000000000000000000000000000000002002D0400000A6487010C000107013D000000000000000000000000000000000000000002002E0400000A648F010C000107013E000000000000000000000000000000000000000002002F0400000A6490010C000107013F00000000000000000000000000000000000000009001300A00000A001F0000000001002000000000000000000000000000000000000000003200310000180A001F0000000001012C00000000000000000000000000000000000000002C0132000000C8001F00000000010005000000000000000000000000000000000000000000000000000000007F02050000080001000000000000000000000000000000000000000090013314000050001F0000000001003000000000000000000000000000000000000000009001340000000A001F0000000001002700000000000000000000000000000000000000007800350000190A001F0000000001012500000000000000000000000000000000000000009411360000000A001F0000000001000700000000000000000000000000000000000000002C01370A001A1E001F0006000102004900080000000000000000000000000000000000006400381400000A001F0000000001005F0000000000000000000000000000000000000000E803390A00001E001F000000000100000000000000000000000000000000000000000000F4013A0000001E001F00000000010002000000000000000000000000000000000000000000003B3200001E001F000000000100410F00000000000000000000000000000000000000C8003C0000005A001F0006000001003A0008000000000000000000000000000000000000C8003D0000001E001F00060000010039000800000000000000000000000000000000000090013E0000001E001F0000000001000100000000000000000000000000000000000000002C013F0000001E001F0000000001005000000000000000000000000000000000000000000807400A00000A001F0000000001001400000000000000000000000000000000000000006400410000001E001F000000000100030000000000000000000000000000000000000000F401420000001E001F000000000100210000000000000000000000000000000000000000C800431400001E001F0006000102006400080000000000000000000000000000000000001815440A00000A001F000000000100330000000000000000000000000000000000000000C800450A00001E001F0006000101004C000800000000000000000000000000000000000010274600001B1E001F0000000001003F00000000000000000000000000000000000000006400471400000A001F00000000010069000000000000000000000000000000000000000064004814000064001F0000000001006700000000000000000000000000000000000000006400491400001E001F0000000001005E000000000000000000000000000000000000000064004A1400001E001F0000000001005A000000000000000000000000000000000000000064004B1400001E001F0000000001005B000000000000000000000000000000000000000064004C1400001E001F0000000001005C000000000000000000000000000000000000000064004D1400001E001F00000000010065000000000000000000000000000000000000000064004E14000032001F0000000001006A000000000000000000000000000000000000000064004F14001C46001F0000000001006600000000000000000000000000000000000000006400501400001E001F0000000001005D00000000000000000000000000000000000000006400511400001E001F0000000001006800000000000000000000000000000000000000006400521400001E001F0000000001006300000000000000000000000000000000000000006400531400001E001F00000000010060000000000000000000000000000000000000000064005414000046001F0000000001006100000000000000000000000000000000000000006400551400000A001F000000000100620000000000000000000000000000000000000000C800560000001E001F0006000001004600080000000000000000000000000000000000009001570400001E001F000000000100110000000000000000000000000000000000000000C8004D1400000A001F000000000100510000000000000000000000000000000000000000F401300A00000A001F000000000100510000000000000000000000000000000000000000E8035800000028001F0000000001003E00000000000000000000000000000000000000006400590000000A001F00000000010040000000000000000000000000000000000000000064005A0000005A001F0000000001003D000000000000000000000000000000000000000064005B0000003C001F0000000001003B00000000000000000000000000000000000000000A00000000000A001F0000000001006B00000000000000000000000000000000000000000A00000000000A001F0000000001006C00000000000000000000000000000000000000000A00000000000A001F0000000001006D00000000000000000000000000000000000000000A00000000000A001F0000000001006E00000000000000000000000000000000000000000A00000000000A001F0000000001006F000000000000000000000000000000000000000090015C0A00000A001F00000000010019000000000000000000000000000000000000000090015D0A00000A001F00000000010034000000000000000000000000000000000000000090015E0A00000A001F000000000100260000000000000000000000000000000000000000A00F5F1400000A001F000000000100320000000000000000000000000000000000000000D007600300001E001F0000000001000F0000000000000000000000000000000000000000EC13611E00001E001F0000000001001000000000000000000000000000000000000000006400620000000A001F0000000001011E0000000000000000000000000000000000000000DC055114001D1E001F0000000001000A0000000000000000000000000000000000000000DC056400001E1E001F0000000001000900000000000000000000000000000000000000006400650000000A001F0000000001003C00000000000000000000000000000000000000007800660000000A001F0000000001011300000000000000000000000000000000000000009001672800000A001F0000000001002300000000000000000000000000000000000000009001682100001E001F000000000100240000000000000000000000000000000000000000C8006900000082001F00000000010017000000000000000000000000000000000000000090016A0000000A001F0000000001001B000000000000000000000000000000000000000090016B0000000A001F0000000001001C00000000000000000000000000000000000000008E126C0C00001E001F00000000010018000000000000000000000000000000000000000090016D05000028001F0000000001000E000000000000000000000000000000000000000090016E0500000A001F0000000001000D000000000000000000000000000000000000000090016F0500003C001F0000000001000C00000000000000000000000000000000000000009001700500003C001F0000000001000B0000000000000000000000000000000000000000C800710000005A001F0000000001003600000000000000000000000000000000000000009411720000000A001F00000000010006000000000000000000000000000000000000000090017304000050001F000000000100160000000000000000000000000000000000000000F4017408000046001F000000000100040000000000000000000000000000000000000000F4017508000046001F000000000100040000000000000000000000000000000000000000F4017608000046001F000000000100040000000000000000000000000000000000000000F4017708000046001F000000000100040000000000000000000000000000000000000000F4017808000046001F000000000100040000000000000000000000000000000000000000F4017908000046001F00000000010004000000000000000000000000000000000000000096007A0000000A001F0000000001001A000000000000000000000000000000000000000090017B6400000A001F00000000010010000000000000000000000000000000000000000094117C0000000A001F00000000010008000000000000000000000000000000000000000064007D1400005A001F00000000010094000000000000000000000000000000000000000064007E1400005A001F00000000010095000000000000000000000000000000000000000064007F1400005A001F0000000001009600000000000000000000000000000000000000006400801400005A001F0000000001009700000000000000000000000000000000000000006400811400005A001F0000000001009800000000000000000000000000000000000000006400821400005A001F0000000001009900000000000000000000000000000000000000006400831400005A001F000000 | C1: =B1&LEFT(B2,32760-B6) -> 00000000000000001F08000102040003000000000000000000000000000000000000000028000000000000001F0800010204000201000000000000000000000000000000000000001E000000000000001F0800010204000102000000000000000000000000000000000000000A000000000000001F08000102040000030000000000000000000000000000000000000000000000000000001F0800010204000F040000000000000000000000000000000000000032000000000000001F08000102040007050000000000000000000000000000000000000032000000000000001F0800010204000D060000000000000000000000000000000000000032000000000000001F08000102040008070000000000000000000000000000000000000032000000000000001F0800010204000C080000000000000000000000000000000000000032000000000000001F0800010204000B090000000000000000000000000000000000000032000000000000001F0800010204000E0A000000000000000000000000000000000000000F000000000000001F080001020400040B0000000000000000000000000000000000000032000000000000001F0800010204000A0C000000000000000000000000000000000000000F000000000000001F080001020400060D0000000000000000000000000000000000000032000000000000001F080001020400090E0000000000000000000000000000000000000000000000000000001F080001020400050F000000000000000000000000000000000000001400001400001E009F2001020100000200000000000400000000000000140000000000001400000000001E009F4001020100001102000000000000000000000000000000000000001E00000000001E009F4001020100001304000000000000000000000000000000000000000A00000000001E009F4001020100001408000000000000000000000000000000000000000A00000000001E009F4001020100001501000000000000000000000000000000000000001E00000000001E009F400102010000121000000000000000000000000000000000000000F00A00FF00001E009F600102010000043F000000000400000000000000FF000000000000A80700FF00001E009F2001020100000300000000000400000000000000FF000000000000F40100C800001E009F2001020100000200000000000400000000000000C80000000000004600003C00001E009F20010201000002000000000004000000000000003C0000000000001801000000001E009F400102010000193F00000000000000000000000000000000000000C409000000001E009F4001000100000500010000000400000000000000010000000000008813000000001E009F4001020100000600010000000000000000000000FD0000000000001400001E00001E009F2001020100000900000000000400000000000000320000000000001E00003200001E009F2001020100000A000000000004000000000000003C0000000000002800004600001E009F2001020100000B00000000000400000000000000500000000000007800006400001E009F2001020100000C00000000000400000000000000640000000000003200000000001E009F2001020100000D0000000000041C0000000000003C00FBFBF600007800000000001E009F2001020100000E0000000000041C0000000000007800F6F6F100001E00000000001E009F4001020100001A3F00000000001C0000000000000000FBFBF60000A60E000000001E009F4001020100000F0001000000001C000000000000FD00F1F1EC00007800000A00001E009F2001020100002200000000000100000000000000000A0000000000C80000FF00001E009F2001020100002300000000000100000000000000007F0000000000B400000A00001E009F2001020100002400000000000200000000000000000A0000000000FA0000FF00001E009F2001020100002500000000000200000000000000007F00000000002300000000001E009F4001020100001B3F000000000000000000000000000000000000001400013200001E009F2001020100010700000000000400000000000000320000000000009001000000001E009F000100010000001F03000000041C000000000000FF0001010100000900000000001E009F000100010000260000000000081C0A0000000000000005030200000900000000001E009F000100010000270000000000101C000A00000000000005030200000900000000001E009F000100010000280000000000201C00000A000000000005030200000900000000001E009F0001000100002B0000000000401C0000000A0000000005030200000900000000001E009F000100010000290000000000801C000000000A00000005030200000500000000001E009F000100010000350007000000001C00000000000000000503020000E803000000001E009F000100010000320000000040001C000000000000000005030200000900000000001E009F0001000100002A0000000000001D00000000000A000005030200002C01000000001E009F000100010000330000000080001C000000000000000005030200002300000000001E009F4001020100001C3F000000000000000000000000000000000000005E01000000001E001F100000010300078000000000000C00000000000000000101000000F401000000001E001F100000010300060000000010000C00000000000000000101000000F401000000001E001F100000010300000020000000000C00000000000000000101000000F401000000001E001F100000010300010000020000000C00000000000000000101000000F401000000001E001F100000010300020000002000000C00000000000000000101000000F401000000001E001F100000010300050000000002000C00000000000000000101000000F401000000001E001F100000010300030000200000000C00000000000000000101000000F401000000001E001F100000010300040000000200000C000000000000000001010000000A00000000001E001F1000030103000800000000000000000000000000000000000000000A00000000001E001F1000030103000900000000000000000000000000000000000000000200000000001E009F4001020103101601000000000000000000000000000000000000000200000000001E009F4000020103101720000000000000000000000000000000000000000200000000001E009F4000020103101840000000000000000000000000000000000000000200000000001E001F000A000102107800000000000000000000000000000000000000000200000000001E001F000A000102107900000000000000000000000000000000000000000200000000001E001F0000000102001800000000000000000000000000000000000000000200000000001E001F0000000102001900000000000000000000000000000000000000006400000000001E001F0000000102006400000000000000000000000000000000000000006400000000001E001F0000000102006500000000000000000000000000000000000000006400000000001E001F0000000102006600000000000000000000000000000000000000006400000000001E001F0000000102006700000000000000000000000000000000000000004600002800001E001F0005000102000100000000000000000000000000000000000000003200006400001E001F0005000102000000000000000000000000000000000000000000006400000000001E001F0007000102000300000000000000000000000000000000000000002800001400001E001F0005000102000200000000000000000000000000000000000000002C01000000001E001F0006000102004C00080000000000000000000000000000000000002C01000000001E001F0006000102004D00080000000000000000000000000000000000002C01000000001E001F0006000102004700080000000000000000000000000000000000002C01000000001E001F0006000102004900080000000000000000000000000000000000002C01000000001E001F0006000102004800080000000000000000000000000000000000002C01000000001E001F0006000102004A0008000000000000000000000000000000000000C800000000001E001F000000010200110000000000000000000000000000000000000000E803000000001E001F0000000102000A00000000000000000000000000000000000000009001000000001E001F000000010200100000000000000000000000000000000000000000800C000000001E001F0000000102000B00000000000000000000000000000000000000005802000000001E001F0000000102001300000000000000000000000000000000000000009808000000001E001F000000010200120000000000000000000000000000000000000000D007000000001E001F0000000102000F00000000000000000000000000000000000000003200000000001E001F0000000102008200000000000000000000000000000000000000001E00000000001E001F000400010200AB00000000000000000000000000000000000000001400000000001E001F000000010200FF00000000000000000000000000000000000000001400000000001E001F000000010200FF00000000000000000000000000000000000000001400000000001E001F000000010200FF00000000000000000000000000000000000000001400000000001E001F000000010200FF0000000000000000000000000000000000000000BC020000000064001F000000010200990000000000000000000000000000000000000000BC020000000064001F0000000102009A0000000000000000000000000000000000000000BC020000000064001F000000010200960000000000000000000000000000000000000000BC020000000064001F000000010200970000000000000000000000000000000000000000E8030000000064001F000600010200980008000000000000000000000000000000000000BC020000000064001F0000000102009B0000000000000000000000000000000000000000BC020000000064001F0000000102009C0000000000000000000000000000000000000000D0070000000064001F0000000102000D00000000000000000000000000000000000000002C010000000050001F0006000102004E00080000000000000000000000000000000000002C010000000050001F0006000102004F00080000000000000000000000000000000000002C010000000050001F000600010200510008000000000000000000000000000000000000C8000000000050001F000600010200500008000000000000000000000000000000000000D2000000000050001F0000000102000C00000000000000000000000000000000000000000000021400003C001F000000000100440000000000000000000000000000000000000000C4090000000050001F000000000100350000000000000000000000000000000000000000DC050000000050001F000000000100350000000000000000000000000000000000000000DC050000000000001F00000000000035000000000000000000000000000000000000000000000300000046001F00000000010045000000000000000000000000000000000000000000000300000046001F00000000010045000000000000000000000000000000000000000000000300000046001F00000000010045000000000000000000000000000000000000000000000300000046001F000000000100450000000000000000000000000000000000000000DC056400001A1E001F000000000100090000000000000000000000000000000000000000DC056400001B1E001F000000000100090000000000000000000000000000000000000000B80B950000003C001F00000000010022000000000000000000000000000000000000000000000000000000001F0000000001000303000000000000000000000000000000000000009411950000003C001F0000000001002200000000000000000000000000000000000000000000000000000000000000000002000000000000000000000000000000000000000000000000000000000000000000000000000000000000000000000000000000000000000000000000000000000000000000000002000000000000000000000000000000000000000000000000000000000000000000000002000000000000000000000000000000000000000000000000000000000000000000000002000000000000000000000000000000000000000000000000000000000000000000000002000000000000000000000000000000000000000000000000000000000000000000000002000000000000000000000000000000000000000000000000000000000000000000000002000000000000000000000000000000000000000000000000000000000000000000000002000000000000000000000000000000000000000000002C01000000001E009F200102010000080000000000041C000000000000140003030300000000033200003C001F0000000001004200000000000000000000000000000000000000000000043200003C001F00000000010043000000000000000000000000000000000000000005000000000000001F000B0000050000000000000000000000000000000000000000000005000000000000001F000B00000500FF010000000000000000000000000000000000000005000000000000001F000B00000500FF020000000000000000000000000000000000000005000000000000001F000B00000500FF030000000000000000000000000000000000000005000000000000001F000B00000500FF040000000000000000000000000000000000000005000000000000001F000B00000500FF050000000000000000000000000000000000000005000000000000001F000B00000500FF060000000000000000000000000000000000000005000000000000001F000B00000500FF070000000000000000000000000000000000000005000000000000001F000B00000500FF080000000000000000000000000000000000000005000000000000001F000B00000500FF090000000000000000000000000000000000000005000000000000001F000B00000500FF0A0000000000000000000000000000000000000005000000000000001F000B00000500FF0B000000000000000000000000000000000000000200050001010A5089410C000107010010000000000000000000000000000000000000000200060002020A508A410C000107010101000000000000000000000000000000000000000200070003030A508C410C000107010202000000000000000000000000000000000000000200080004040A508B410C000107010304000000000000000000000000000000000000000200090005050A508E410C0001070104080000000000000000000000000000000000000002000A0A06060A5081210C000107010500000000000100000000000000000A00000000000200010A07070A5083210C0001070106000000000004000000000000000A00000000000002000B0008080A5084410C00010701072000000000000000000000000000000000000000A0000C0009090A5082410C00010701083F000000000000000000000000000000000000005F000D190A0A0A508D210C000107010900000000000400000000000000FD00000000000002000E030B0B0A5086010C000107010A000000000000000000000000000000000000000002000F030C0C0A5085010C000107010B0000000000000000000000000000000000000000020010030D0D0A5087010C000107010C0000000000000000000000000000000000000000020011030E0E0A508F010C000107010D0000000000000000000000000000000000000000020012030F0F0A5090010C000107010E00000000000000000000000000000000000000000200000000000A5088010C000107010F00000000000000000000000000000000000000000200000000000A5A89010C000107011000000000000000000000000000000000000000000200000000000A5A8A010C000107011100000000000000000000000000000000000000000200000000000A5A8C010C000107011200000000000000000000000000000000000000000200000000000A5A8B010C000107011300000000000000000000000000000000000000000200000000000A5A8E010C00010701140000000000081CF6000000000000000A050200000200000000000A5A81010C00010701150000000000101C00F60000000000000A050200000200000000000A5A83010C00010701160000000000201C0000F600000000000A050200000200000000000A5A84010C00010701170000000000801C00000000F60000000A050200000200000000000A5A82010C00010701180000000000001D0000000000F600000A050200000200000000000A5A8D010C00010701190000000000401C000000F6000000000A050200000200000000000A5A86010C000107011A00000000000000000000000000000000000000000200000000000A5A85010C000107011B00000000000000000000000000000000000000000200000000000A5A87010C000107011C00000000000000000000000000000000000000000200000000000A5A8F010C000107011D00000000000000000000000000000000000000000200000000000A5A90010C000107011E00000000000000000000000000000000000000000200000000000A5A88010C000107011F00000000000000000000000000000000000000000200000000000A6489010C000107012000000000000000000000000000000000000000000200000000000A648A010C000107012100000000000000000000000000000000000000000200000000000A648C010C000107012200000000000000000000000000000000000000000200130000000A5089010C000107012300000000000000000000000000000000000000000200140000000A508A010C000107012400000000000000000000000000000000000000000200150000000A508C010C000107012500000000000000000000000000000000000000000200160000000A508B010C000107012600000000000000000000000000000000000000000200170000000A508E010C000107012700000000000000000000000000000000000000000200180000000A5081010C000107012800000000000000000000000000000000000000000200190000000A5083010C0001070129000000000000000000000000000000000000000002001A0000000A5084010C000107012A000000000000000000000000000000000000000002001B0000000A5082010C000107012B000000000000000000000000000000000000000002001C0000000A508D010C000107012C000000000000000000000000000000000000000002001D0000000A5086010C000107012D000000000000000000000000000000000000000002001E0000000A5085010C000107012E000000000000000000000000000000000000000002001F0000000A5087010C000107012F00000000000000000000000000000000000000000200200000000A508F010C000107013000000000000000000000000000000000000000000200210000000A5090010C000107013100000000000000000000000000000000000000000200220000000A5088010C000107013200000000000000000000000000000000000000000200230000000A5080010C000107013300000000000000000000000000000000000000000200240410100A648B010C000107013400000000000000000000000000000000000000000200250411110A648E010C000107013500000000000000000000000000000000000000000200260412120A6481010C000107013600000000000000000000000000000000000000000200270413130A6483010C000107013700000000000000000000000000000000000000000200280414140A6484010C000107013800000000000000000000000000000000000000000200290415150A6482010C0001070139000000000000000000000000000000000000000002002A0416160A648D010C000107013A000000000000000000000000000000000000000002002B0100000A6486010C000107013B000000000000000000000000000000000000000002002C0417170A6485010C000107013C000000000000000000000000000000000000000002002D0400000A6487010C000107013D000000000000000000000000000000000000000002002E0400000A648F010C000107013E000000000000000000000000000000000000000002002F0400000A6490010C000107013F00000000000000000000000000000000000000009001300A00000A001F0000000001002000000000000000000000000000000000000000003200310000180A001F0000000001012C00000000000000000000000000000000000000002C0132000000C8001F00000000010005000000000000000000000000000000000000000000000000000000007F02050000080001000000000000000000000000000000000000000090013314000050001F0000000001003000000000000000000000000000000000000000009001340000000A001F0000000001002700000000000000000000000000000000000000007800350000190A001F0000000001012500000000000000000000000000000000000000009411360000000A001F0000000001000700000000000000000000000000000000000000002C01370A001A1E001F0006000102004900080000000000000000000000000000000000006400381400000A001F0000000001005F0000000000000000000000000000000000000000E803390A00001E001F000000000100000000000000000000000000000000000000000000F4013A0000001E001F00000000010002000000000000000000000000000000000000000000003B3200001E001F000000000100410F00000000000000000000000000000000000000C8003C0000005A001F0006000001003A0008000000000000000000000000000000000000C8003D0000001E001F00060000010039000800000000000000000000000000000000000090013E0000001E001F0000000001000100000000000000000000000000000000000000002C013F0000001E001F0000000001005000000000000000000000000000000000000000000807400A00000A001F0000000001001400000000000000000000000000000000000000006400410000001E001F000000000100030000000000000000000000000000000000000000F401420000001E001F000000000100210000000000000000000000000000000000000000C800431400001E001F0006000102006400080000000000000000000000000000000000001815440A00000A001F000000000100330000000000000000000000000000000000000000C800450A00001E001F0006000101004C000800000000000000000000000000000000000010274600001B1E001F0000000001003F00000000000000000000000000000000000000006400471400000A001F00000000010069000000000000000000000000000000000000000064004814000064001F0000000001006700000000000000000000000000000000000000006400491400001E001F0000000001005E000000000000000000000000000000000000000064004A1400001E001F0000000001005A000000000000000000000000000000000000000064004B1400001E001F0000000001005B000000000000000000000000000000000000000064004C1400001E001F0000000001005C000000000000000000000000000000000000000064004D1400001E001F00000000010065000000000000000000000000000000000000000064004E14000032001F0000000001006A000000000000000000000000000000000000000064004F14001C46001F0000000001006600000000000000000000000000000000000000006400501400001E001F0000000001005D00000000000000000000000000000000000000006400511400001E001F0000000001006800000000000000000000000000000000000000006400521400001E001F0000000001006300000000000000000000000000000000000000006400531400001E001F00000000010060000000000000000000000000000000000000000064005414000046001F0000000001006100000000000000000000000000000000000000006400551400000A001F000000000100620000000000000000000000000000000000000000C800560000001E001F0006000001004600080000000000000000000000000000000000009001570400001E001F000000000100110000000000000000000000000000000000000000C8004D1400000A001F000000000100510000000000000000000000000000000000000000F401300A00000A001F000000000100510000000000000000000000000000000000000000E8035800000028001F0000000001003E00000000000000000000000000000000000000006400590000000A001F00000000010040000000000000000000000000000000000000000064005A0000005A001F0000000001003D000000000000000000000000000000000000000064005B0000003C001F0000000001003B00000000000000000000000000000000000000000A00000000000A001F0000000001006B00000000000000000000000000000000000000000A00000000000A001F0000000001006C00000000000000000000000000000000000000000A00000000000A001F0000000001006D00000000000000000000000000000000000000000A00000000000A001F0000000001006E00000000000000000000000000000000000000000A00000000000A001F0000000001006F000000000000000000000000000000000000000090015C0A00000A001F00000000010019000000000000000000000000000000000000000090015D0A00000A001F00000000010034000000000000000000000000000000000000000090015E0A00000A001F000000000100260000000000000000000000000000000000000000A00F5F1400000A001F000000000100320000000000000000000000000000000000000000D007600300001E001F0000000001000F0000000000000000000000000000000000000000EC13611E00001E001F0000000001001000000000000000000000000000000000000000006400620000000A001F0000000001011E0000000000000000000000000000000000000000DC055114001D1E001F0000000001000A0000000000000000000000000000000000000000DC056400001E1E001F0000000001000900000000000000000000000000000000000000006400650000000A001F0000000001003C00000000000000000000000000000000000000007800660000000A001F0000000001011300000000000000000000000000000000000000009001672800000A001F0000000001002300000000000000000000000000000000000000009001682100001E001F000000000100240000000000000000000000000000000000000000C8006900000082001F00000000010017000000000000000000000000000000000000000090016A0000000A001F0000000001001B000000000000000000000000000000000000000090016B0000000A001F0000000001001C00000000000000000000000000000000000000008E126C0C00001E001F00000000010018000000000000000000000000000000000000000090016D05000028001F0000000001000E000000000000000000000000000000000000000090016E0500000A001F0000000001000D000000000000000000000000000000000000000090016F0500003C001F0000000001000C00000000000000000000000000000000000000009001700500003C001F0000000001000B0000000000000000000000000000000000000000C800710000005A001F0000000001003600000000000000000000000000000000000000009411720000000A001F00000000010006000000000000000000000000000000000000000090017304000050001F000000000100160000000000000000000000000000000000000000F4017408000046001F000000000100040000000000000000000000000000000000000000F4017508000046001F000000000100040000000000000000000000000000000000000000F4017608000046001F000000000100040000000000000000000000000000000000000000F4017708000046001F000000000100040000000000000000000000000000000000000000F4017808000046001F000000000100040000000000000000000000000000000000000000F4017908000046001F00000000010004000000000000000000000000000000000000000096007A0000000A001F0000000001001A000000000000000000000000000000000000000090017B6400000A001F00000000010010000000000000000000000000000000000000000094117C0000000A001F00000000010008000000000000000000000000000000000000000064007D1400005A001F00000000010094000000000000000000000000000000000000000064007E1400005A001F00000000010095000000000000000000000000000000000000000064007F1400005A001F0000000001009600000000000000000000000000000000000000006400801400005A001F0000000001009700000000000000000000000000000000000000006400811400005A001F0000000001009800000000000000000000000000000000000000006400821400005A001F0000000001009900000000000000000000000000000000000000006400831400005A001F0000000001009A00000000000000000000000000000000000000006400841400005A001F0000000001009B01000000000000000000000000000000000000006400851400005A001F0000000001009C00000000000000000000000000000000000000006400861400005A001F0000000001009D00000000000000000000000000000000000000006400871400005A001F0000000001009E00000000000000000000000000000000000000006400881400005A001F0000000001009F00000000000000000000000000000000000000006400891400005A001F000000000100A0000000000000000000000000000000000000000064008A1400005A001F000000000100A1000000000000000000000000000000000000000064008B1400005A001F000000000100A2000000000000000000000000000000000000000064008C1400005A001F000000000100A30000000000000000000000000000000000000000C800521400000A001F000000000100520000000000000000000000000000000000000000C800481400000A001F000000000100520000000000000000000000000000000000000000F4016A0000000A001F000000000100520000000000000000000000000000000000000000C8004D1400000A001F000000000100520000000000000000000000000000000000000000C800491400000A001F0000000001005200000000000000000000000000000000000000004C04390A00000A001F00000000010052000000000000000000000000000000000000000058023A0000000A001F000000000100520000000000000000000000000000000000000000C8008D00000050001F0006000102004A0008000000000000000000000000000000000000C8008E00000050001F000600010300480008000000000000000000000000000000000000C8008F00000050001F0006000103004B0008000000000000000000000000000000000000C8009000000032001F000600000100470008000000000000000000000000000000000000C800910000000A001F0006000001004D0008000000000000000000000000000000000000F4014200000050001F0000000001002F0000000000000000000000000000000000000000F401370A001A1E001F0000000001002E0000000000000000000000000000000000000000E8030000000000003F010200000600000000000000000000000000000000000000000000E8030000000000003F010200000600010000000000000000000000000000000000000000E8030000000000003F010200000600020000000000000000000000000000000000000000DC050000000000003F010200000600030000000000000000000000000000000000000000E8030000000000003F010200000600040000000000000000000000000000000000000000E8030000000000003F010200000600050000000000000000000000000000000000000000D0070000000000003F010200000600060000000000000000000000000000000000000000E8030000000000003F010200000600070000000000000000000000000000000000000000C4090000000000003F010200000600080000000000000000000000000000000000000000E8030000000000003F010200000600090000000000000000000000000000000000000000D0070000000000003F0102000006000A0000000000000000000000000000000000000000C4090000000000003F0102000006000B0000000000000000000000000000000000000000E8030000000000003F0102000006000C000000000000000000000000000000000000000088130000000000003F0102000006000D000000000000000000000000000000000000000088130000000000003F0102000006000E0000000000000000000000000000000000000000DC050000000000003F0102000006000F00000000000000000000000000000000000000002C010000000000003F010200000600100000000000000000000000000000000000000000D0070000000000003F010200000600110000000000000000000000000000000000000000E8030000000000003F010200000600120000000000000000000000000000000000000000E8030000000000003F010200000600130000000000000000000000000000000000000000B80B0000000000003F010200000600140000000000000000000000000000000000000000C4090000000000003F010200000600150000000000000000000000000000000000000000E8030000000000003F010200000600160000000000000000000000000000000000000000E8030000000000003F01020000060017000000000000000000000000000000000000000088130000000000003F010200000600180000000000000000000000000000000000000000E8030000000000003F010200000600190000000000000000000000000000000000000000E8030000000000003F0102000006001A0000000000000000000000000000000000000000E8030000000000003F0102000006001B0000000000000000000000000000000000000000E8030000000000003F0102000006001C0000000000000000000000000000000000000000B80B0000000000003F0102000006001D0000000000000000000000000000000000000000E8030000000000003F0102000006001E0000000000000000000000000000000000000000E8030000000000003F0102000006001F0000000000000000000000000000000000000000DC050000000000003F010200000600200000000000000000000000000000000000000000C4090000000000003F010200000600210000000000000000000000000000000000000000E8030000000000003F010200000600220000000000000000000000000000000000000000E8030000000000003F010200000600230000000000000000000000000000000000000000D0070000000000003F01020000060024000000000000000000000000000000000000000088130000000000003F010200000600250000000000000000000000000000000000000000E8030000000000003F010200000600260000000000000000000000000000000000000000C4090000000000003F010200000600270000000000000000000000000000000000000000E8030000000000003F010200000600280000000000000000000000000000000000000000B80B0000000000003F010200000600290000000000000000000000000000000000000000E8030000000000003F0102000006002A0000000000000000000000000000000000000000E8030000000000003F0102000006002B0000000000000000000000000000000000000000E8030000000000003F0102000006002C0000000000000000000000000000000000000000E8030000000000003F0102000006002D0000000000000000000000000000000000000000C4090000000000003F0102000006002E0000000000000000000000000000000000000000E8030000000000003F0102000006002F0000000000000000000000000000000000000000E8030000000000003F010200000600300000000000000000000000000000000000000000B80B0000000000003F010200000600310000000000000000000000000000000000000000C4090000000000003F010200000600320000000000000000000000000000000000000000DC050000000000003F010200000600330000000000000000000000000000000000000000E8030000000000003F010200000600340000000000000000000000000000000000000000E8030000000000003F010200000600350000000000000000000000000000000000000000E8030000000000003F010200000600360000000000000000000000000000000000000000C4090000000000003F010200000600370000000000000000000000000000000000000000E8030000000000003F010200000600380000000000000000000000000000000000000000E8030000000000003F010200000600390000000000000000000000000000000000000000B80B0000000000003F0102000006003A0000000000000000000000000000000000000000DC050000000000003F0102000006003B0000000000000000000000000000000000000000E8030000000000003F0102000006003C0000000000000000000000000000000000000000DC050000000000003F0102000006003D0000000000000000000000000000000000000000E8030000000000003F0102000006003E0000000000000000000000000000000000000000C4090000000000003F0102000006003F0000000000000000000000000000000000000000B80B0000000000003F010200000600400000000000000000000000000000000000000000E8030000000000003F010200000600410000000000000000000000000000000000000000E8030000000000003F01020000060042000000000000000000000000000000000000000088130000000000003F010200000600430000000000000000000000000000000000000000E8030000000000003F010200000600440000000000000000000000000000000000000000DC050000000000003F01020000060045000000000000000000000000000000000000000088130000000000003F010200000600460000000000000000000000000000000000000000E8030000000000003F010200000600470000000000000000000000000000000000000000F4010000000000003F010200000600480000000000000000000000000000000000000000E8030000000000003F010200000600490000000000000000000000000000000000000000E8030000000000003F0102000006004A0000000000000000000000000000000000000000E8030000000000003F0102000006004B0000000000000000000000000000000000000000E8030000000000003F0102000006004C0000000000000000000000000000000000000000E8030000000000003F0102000006004D0000000000000000000000000000000000000000E8030000000000003F0102000006004E0000000000000000000000000000000000000000B80B0000000000003F0102000006004F0000000000000000000000000000000000000000E8030000000000003F010200000600500000000000000000000000000000000000000000E8030000000000003F010200000600510000000000000000000000000000000000000000E8030000000000003F010200000600520000000000000000000000000000000000000000B80B0000000000003F010200000600530000000000000000000000000000000000000000E8030000000000003F010200000600540000000000000000000000000000000000000000E8030000000000003F010200000600550000000000000000000000000000000000000000E8030000000000003F010200000600560000000000000000000000000000000000000000E8030000000000003F010200000600570000000000000000000000000000000000000000C4090000000000003F010200000600580000000000000000000000000000000000000000E8030000000000003F010200000600590000000000000000000000000000000000000000C4090000000000003F0102000006005A0000000000000000000000000000000000000000C4090000000000003F0102000006005B000000000000000000000000000000000000000000000000000000003F01020000060064000000000000000000000000000000000000000000000000000000003F01020000060065000000000000000000000000000000000000000000000000000000003F01020000060066000000000000000000000000000000000000000000000000000000003F01020000060067000000000000000000000000000000000000000000000000000000003F01020000060068000000000000000000000000000000000000000000000000000000003F0102000006006900000000000000000000000000000000000000009411660000000A001F00000000010113000000000000000000000000000000000000000000000000000000000000000000020000000000000000000000000000000000000000000000000000000000001F020000000800FF000000000000000000000000000000000000000000000000000000001F020000000800FF000000000000000000000000000000000000000000000000000000001F020000000800FF000000000000000000000000000000000000000000000000000000003F020000000800FF000000000000000000000000000000000000000000000000000000001F020000000800FF000000000000000000000000000000000000000000000000000000001F020000000800FF000000000000000000000000000000000000000000000000000000001F020000000800FF000000000000000000000000000000000000000000000000000000001F020000000800FF000000000000000000000000000000000000000000000000000000001F020000000800FF000000000000000000000000000000000000000000000000000000001F020000000800FF000000000000000000000000000000000000000000000000000000001F020000000800FF000000000000000000000000000000000000000000000000000000001F020000000800FF000000000000000000000000000000000000000000000000000000003F020000000800FF000000000000000000000000000000000000000000000000000000001F020000000800FF000000000000000000000000000000000000000000000000000000003F020000000800FF000000000000000000000000000000000000000000000000000000001F020000000800FF000000000000000000000000000000000000000000000000000000001F020000000800FF000000000000000000000000000000000000000000000000000000007F020D00000800FF000000000000000000000000000000000000000000000000000000007F020D00000800FF010000000000000000000000000000000000000000000000000000007F020D00000800FF020000000000000000000000000000000000000000000000000000001F020000000800FF000000000000000000000000000000000000000000000000000000001F020000000800FF000000000000000000000000000000000000000000000000000000003F020000000800FF000000000000000000000000000000000000000000000000000000001F020000000800FF000000000000000000000000000000000000000000000000000000001F020000000800FF000000000000000000000000000000000000000000000000000000001F020000000800FF000000000000000000000000000000000000000000000000000000001F020000000800FF000000000000000000000000000000000000000000000000000000001F020000000800FF0000000000000000000000000000000000000000 | D1: x
A2: 00 01 00 9A 00 00 00 00 00 00 00 00 00 00 00 00 00 00 00 00 00 00 00 00 64 00 84 14 00 00 5A 00 1F 00 00 00 00 01 00 9B 01 00 00 00 00 00 00 00 00 00 00 00 00 00 00 00 00 00 00 00 64 00 85 14 00 00 5A 00 1F 00 00 00 00 01 00 9C 00 00 00 00 00 00 00 00 00 00 00 00 00 00 00 00 00 00 00 00 64 00 86 14 00 00 5A 00 1F 00 00 00 00 01 00 9D 00 00 00 00 00 00 00 00 00 00 00 00 00 00 00 00 00 00 00 00 64 00 87 14 00 00 5A 00 1F 00 00 00 00 01 00 9E 00 00 00 00 00 00 00 00 00 00 00 00 00 00 00 00 00 00 00 00 64 00 88 14 00 00 5A 00 1F 00 00 00 00 01 00 9F 00 00 00 00 00 00 00 00 00 00 00 00 00 00 00 00 00 00 00 00 64 00 89 14 00 00 5A 00 1F 00 00 00 00 01 00 A0 00 00 00 00 00 00 00 00 00 00 00 00 00 00 00 00 00 00 00 00 64 00 8A 14 00 00 5A 00 1F 00 00 00 00 01 00 A1 00 00 00 00 00 00 00 00 00 00 00 00 00 00 00 00 00 00 00 00 64 00 8B 14 00 00 5A 00 1F 00 00 00 00 01 00 A2 00 00 00 00 00 00 00 00 00 00 00 00 00 00 00 00 00 00 00 00 64 00 8C 14 00 00 5A 00 1F 00 00 00 00 01 00 A3 00 00 00 00 00 00 00 00 00 00 00 00 00 00 00 00 00 00 00 00 C8 00 52 14 00 00 0A 00 1F 00 00 00 00 01 00 52 00 00 00 00 00 00 00 00 00 00 00 00 00 00 00 00 00 00 00 00 C8 00 48 14 00 00 0A 00 1F 00 00 00 00 01 00 52 00 00 00 00 00 00 00 00 00 00 00 00 00 00 00 00 00 00 00 00 F4 01 6A 00 00 00 0A 00 1F 00 00 00 00 01 00 52 00 00 00 00 00 00 00 00 00 00 00 00 00 00 00 00 00 00 00 00 C8 00 4D 14 00 00 0A 00 1F 00 00 00 00 01 00 52 00 00 00 00 00 00 00 00 00 00 00 00 00 00 00 00 00 00 00 00 C8 00 49 14 00 00 0A 00 1F 00 00 00 00 01 00 52 00 00 00 00 00 00 00 00 00 00 00 00 00 00 00 00 00 00 00 00 4C 04 39 0A 00 00 0A 00 1F 00 00 00 00 01 00 52 00 00 00 00 00 00 00 00 00 00 00 00 00 00 00 00 00 00 00 00 58 02 3A 00 00 00 0A 00 1F 00 00 00 00 01 00 52 00 00 00 00 00 00 00 00 00 00 00 00 00 00 00 00 00 00 00 00 C8 00 8D 00 00 00 50 00 1F 00 06 00 01 02 00 4A 00 08 00 00 00 00 00 00 00 00 00 00 00 00 00 00 00 00 00 00 C8 00 8E 00 00 00 50 00 1F 00 06 00 01 03 00 48 00 08 00 00 00 00 00 00 00 00 00 00 00 00 00 00 00 00 00 00 C8 00 8F 00 00 00 50 00 1F 00 06 00 01 03 00 4B 00 08 00 00 00 00 00 00 00 00 00 00 00 00 00 00 00 00 00 00 C8 00 90 00 00 00 32 00 1F 00 06 00 00 01 00 47 00 08 00 00 00 00 00 00 00 00 00 00 00 00 00 00 00 00 00 00 C8 00 91 00 00 00 0A 00 1F 00 06 00 00 01 00 4D 00 08 00 00 00 00 00 00 00 00 00 00 00 00 00 00 00 00 00 00 F4 01 42 00 00 00 50 00 1F 00 00 00 00 01 00 2F 00 00 00 00 00 00 00 00 00 00 00 00 00 00 00 00 00 00 00 00 F4 01 37 0A 00 1A 1E 00 1F 00 00 00 00 01 00 2E 00 00 00 00 00 00 00 00 00 00 00 00 00 00 00 00 00 00 00 00 E8 03 00 00 00 00 00 00 3F 01 02 00 00 06 00 00 00 00 00 00 00 00 00 00 00 00 00 00 00 00 00 00 00 00 00 00 E8 03 00 00 00 00 00 00 3F 01 02 00 00 06 00 01 00 00 00 00 00 00 00 00 00 00 00 00 00 00 00 00 00 00 00 00 E8 03 00 00 00 00 00 00 3F 01 02 00 00 06 00 02 00 00 00 00 00 00 00 00 00 00 00 00 00 00 00 00 00 00 00 00 DC 05 00 00 00 00 00 00 3F 01 02 00 00 06 00 03 00 00 00 00 00 00 00 00 00 00 00 00 00 00 00 00 00 00 00 00 E8 03 00 00 00 00 00 00 3F 01 02 00 00 06 00 04 00 00 00 00 00 00 00 00 00 00 00 00 00 00 00 00 00 00 00 00 E8 03 00 00 00 00 00 00 3F 01 02 00 00 06 00 05 00 00 00 00 00 00 00 00 00 00 00 00 00 00 00 00 00 00 00 00 D0 07 00 00 00 00 00 00 3F 01 02 00 00 06 00 06 00 00 00 00 00 00 00 00 00 00 00 00 00 00 00 00 00 00 00 00 E8 03 00 00 00 00 00 00 3F 01 02 00 00 06 00 07 00 00 00 00 00 00 00 00 00 00 00 00 00 00 00 00 00 00 00 00 C4 09 00 00 00 00 00 00 3F 01 02 00 00 06 00 08 00 00 00 00 00 00 00 00 00 00 00 00 00 00 00 00 00 00 00 00 E8 03 00 00 00 00 00 00 3F 01 02 00 00 06 00 09 00 00 00 00 00 00 00 00 00 00 00 00 00 00 00 00 00 00 00 00 D0 07 00 00 00 00 00 00 3F 01 02 00 00 06 00 0A 00 00 00 00 00 00 00 00 00 00 00 00 00 00 00 00 00 00 00 00 C4 09 00 00 00 00 00 00 3F 01 02 00 00 06 00 0B 00 00 00 00 00 00 00 00 00 00 00 00 00 00 00 00 00 00 00 00 E8 03 00 00 00 00 00 00 3F 01 02 00 00 06 00 0C 00 00 00 00 00 00 00 00 00 00 00 00 00 00 00 00 00 00 00 00 88 13 00 00 00 00 00 00 3F 01 02 00 00 06 00 0D 00 00 00 00 00 00 00 00 00 00 00 00 00 00 00 00 00 00 00 00 88 13 00 00 00 00 00 00 3F 01 02 00 00 06 00 0E 00 00 00 00 00 00 00 00 00 00 00 00 00 00 00 00 00 00 00 00 DC 05 00 00 00 00 00 00 3F 01 02 00 00 06 00 0F 00 00 00 00 00 00 00 00 00 00 00 00 00 00 00 00 00 00 00 00 2C 01 00 00 00 00 00 00 3F 01 02 00 00 06 00 10 00 00 00 00 00 00 00 00 00 00 00 00 00 00 00 00 00 00 00 00 D0 07 00 00 00 00 00 00 3F 01 02 00 00 06 00 11 00 00 00 00 00 00 00 00 00 00 00 00 00 00 00 00 00 00 00 00 E8 03 00 00 00 00 00 00 3F 01 02 00 00 06 00 12 00 00 00 00 00 00 00 00 00 00 00 00 00 00 00 00 00 00 00 00 E8 03 00 00 00 00 00 00 3F 01 02 00 00 06 00 13 00 00 00 00 00 00 00 00 00 00 00 00 00 00 00 00 00 00 00 00 B8 0B 00 00 00 00 00 00 3F 01 02 00 00 06 00 14 00 00 00 00 00 00 00 00 00 00 00 00 00 00 00 00 00 00 00 00 C4 09 00 00 00 00 00 00 3F 01 02 00 00 06 00 15 00 00 00 00 00 00 00 00 00 00 00 00 00 00 00 00 00 00 00 00 E8 03 00 00 00 00 00 00 3F 01 02 00 00 06 00 16 00 00 00 00 00 00 00 00 00 00 00 00 00 00 00 00 00 00 00 00 E8 03 00 00 00 00 00 00 3F 01 02 00 00 06 00 17 00 00 00 00 00 00 00 00 00 00 00 00 00 00 00 00 00 00 00 00 88 13 00 00 00 00 00 00 3F 01 02 00 00 06 00 18 00 00 00 00 00 00 00 00 00 00 00 00 00 00 00 00 00 00 00 00 E8 03 00 00 00 00 00 00 3F 01 02 00 00 06 00 19 00 00 00 00 00 00 00 00 00 00 00 00 00 00 00 00 00 00 00 00 E8 03 00 00 00 00 00 00 3F 01 02 00 00 06 00 1A 00 00 00 00 00 00 00 00 00 00 00 00 00 00 00 00 00 00 00 00 E8 03 00 00 00 00 00 00 3F 01 02 00 00 06 00 1B 00 00 00 00 00 00 00 00 00 00 00 00 00 00 00 00 00 00 00 00 E8 03 00 00 00 00 00 00 3F 01 02 00 00 06 00 1C 00 00 00 00 00 00 00 00 00 00 00 00 00 00 00 00 00 00 00 00 B8 0B 00 00 00 00 00 00 3F 01 02 00 00 06 00 1D 00 00 00 00 00 00 00 00 00 00 00 00 00 00 00 00 00 00 00 00 E8 03 00 00 00 00 00 00 3F 01 02 00 00 06 00 1E 00 00 00 00 00 00 00 00 00 00 00 00 00 00 00 00 00 00 00 00 E8 03 00 00 00 00 00 00 3F 01 02 00 00 06 00 1F 00 00 00 00 00 00 00 00 00 00 00 00 00 00 00 00 00 00 00 00 DC 05 00 00 00 00 00 00 3F 01 02 00 00 06 00 20 00 00 00 00 00 00 00 00 00 00 00 00 00 00 00 00 00 00 00 00 C4 09 00 00 00 00 00 00 3F 01 02 00 00 06 00 21 00 00 00 00 00 00 00 00 00 00 00 00 00 00 00 00 00 00 00 00 E8 03 00 00 00 00 00 00 3F 01 02 00 00 06 00 22 00 00 00 00 00 00 00 00 00 00 00 00 00 00 00 00 00 00 00 00 E8 03 00 00 00 00 00 00 3F 01 02 00 00 06 00 23 00 00 00 00 00 00 00 00 00 00 00 00 00 00 00 00 00 00 00 00 D0 07 00 00 00 00 00 00 3F 01 02 00 00 06 00 24 00 00 00 00 00 00 00 00 00 00 00 00 00 00 00 00 00 00 00 00 88 13 00 00 00 00 00 00 3F 01 02 00 00 06 00 25 00 00 00 00 00 00 00 00 00 00 00 00 00 00 00 00 00 00 00 00 E8 03 00 00 00 00 00 00 3F 01 02 00 00 06 00 26 00 00 00 00 00 00 00 00 00 00 00 00 00 00 00 00 00 00 00 00 C4 09 00 00 00 00 00 00 3F 01 02 00 00 06 00 27 00 00 00 00 00 00 00 00 00 00 00 00 00 00 00 00 00 00 00 00 E8 03 00 00 00 00 00 00 3F 01 02 00 00 06 00 28 00 00 00 00 00 00 00 00 00 00 00 00 00 00 00 00 00 00 00 00 B8 0B 00 00 00 00 00 00 3F 01 02 00 00 06 00 29 00 00 00 00 00 00 00 00 00 00 00 00 00 00 00 00 00 00 00 00 E8 03 00 00 00 00 00 00 3F 01 02 00 00 06 00 2A 00 00 00 00 00 00 00 00 00 00 00 00 00 00 00 00 00 00 00 00 E8 03 00 00 00 00 00 00 3F 01 02 00 00 06 00 2B 00 00 00 00 00 00 00 00 00 00 00 00 00 00 00 00 00 00 00 00 E8 03 00 00 00 00 00 00 3F 01 02 00 00 06 00 2C 00 00 00 00 00 00 00 00 00 00 00 00 00 00 00 00 00 00 00 00 E8 03 00 00 00 00 00 00 3F 01 02 00 00 06 00 2D 00 00 00 00 00 00 00 00 00 00 00 00 00 00 00 00 00 00 00 00 C4 09 00 00 00 00 00 00 3F 01 02 00 00 06 00 2E 00 00 00 00 00 00 00 00 00 00 00 00 00 00 00 00 00 00 00 00 E8 03 00 00 00 00 00 00 3F 01 02 00 00 06 00 2F 00 00 00 00 00 00 00 00 00 00 00 00 00 00 00 00 00 00 00 00 E8 03 00 00 00 00 00 00 3F 01 02 00 00 06 00 30 00 00 00 00 00 00 00 00 00 00 00 00 00 00 00 00 00 00 00 00 B8 0B 00 00 00 00 00 00 3F 01 02 00 00 06 00 31 00 00 00 00 00 00 00 00 00 00 00 00 00 00 00 00 00 00 00 00 C4 09 00 00 00 00 00 00 3F 01 02 00 00 06 00 32 00 00 00 00 00 00 00 00 00 00 00 00 00 00 00 00 00 00 00 00 DC 05 00 00 00 00 00 00 3F 01 02 00 00 06 00 33 00 00 00 00 00 00 00 00 00 00 00 00 00 00 00 00 00 00 00 00 E8 03 00 00 00 00 00 00 3F 01 02 00 00 06 00 34 00 00 00 00 00 00 00 00 00 00 00 00 00 00 00 00 00 00 00 00 E8 03 00 00 00 00 00 00 3F 01 02 00 00 06 00 35 00 00 00 00 00 00 00 00 00 00 00 00 00 00 00 00 00 00 00 00 E8 03 00 00 00 00 00 00 3F 01 02 00 00 06 00 36 00 00 00 00 00 00 00 00 00 00 00 00 00 00 00 00 00 00 00 00 C4 09 00 00 00 00 00 00 3F 01 02 00 00 06 00 37 00 00 00 00 00 00 00 00 00 00 00 00 00 00 00 00 00 00 00 00 E8 03 00 00 00 00 00 00 3F 01 02 00 00 06 00 38 00 00 00 00 00 00 00 00 00 00 00 00 00 00 00 00 00 00 00 00 E8 03 00 00 00 00 00 00 3F 01 02 00 00 06 00 39 00 00 00 00 00 00 00 00 00 00 00 00 00 00 00 00 00 00 00 00 B8 0B 00 00 00 00 00 00 3F 01 02 00 00 06 00 3A 00 00 00 00 00 00 00 00 00 00 00 00 00 00 00 00 00 00 00 00 DC 05 00 00 00 00 00 00 3F 01 02 00 00 06 00 3B 00 00 00 00 00 00 00 00 00 00 00 00 00 00 00 00 00 00 00 00 E8 03 00 00 00 00 00 00 3F 01 02 00 00 06 00 3C 00 00 00 00 00 00 00 00 00 00 00 00 00 00 00 00 00 00 00 00 DC 05 00 00 00 00 00 00 3F 01 02 00 00 06 00 3D 00 00 00 00 00 00 00 00 00 00 00 00 00 00 00 00 00 00 00 00 E8 03 00 00 00 00 00 00 3F 01 02 00 00 06 00 3E 00 00 00 00 00 00 00 00 00 00 00 00 00 00 00 00 00 00 00 00 C4 09 00 00 00 00 00 00 3F 01 02 00 00 06 00 3F 00 00 00 00 00 00 00 00 00 00 00 00 00 00 00 00 00 00 00 00 B8 0B 00 00 00 00 00 00 3F 01 02 00 00 06 00 40 00 00 00 00 00 00 00 00 00 00 00 00 00 00 00 00 00 00 00 00 E8 03 00 00 00 00 00 00 3F 01 02 00 00 06 00 41 00 00 00 00 00 00 00 00 00 00 00 00 00 00 00 00 00 00 00 00 E8 03 00 00 00 00 00 00 3F 01 02 00 00 06 00 42 00 00 00 00 00 00 00 00 00 00 00 00 00 00 00 00 00 00 00 00 88 13 00 00 00 00 00 00 3F 01 02 00 00 06 00 43 00 00 00 00 00 00 00 00 00 00 00 00 00 00 00 00 00 00 00 00 E8 03 00 00 00 00 00 00 3F 01 02 00 00 06 00 44 00 00 00 00 00 00 00 00 00 00 00 00 00 00 00 00 00 00 00 00 DC 05 00 00 00 00 00 00 3F 01 02 00 00 06 00 45 00 00 00 00 00 00 00 00 00 00 00 00 00 00 00 00 00 00 00 00 88 13 00 00 00 00 00 00 3F 01 02 00 00 06 00 46 00 00 00 00 00 00 00 00 00 00 00 00 00 00 00 00 00 00 00 00 E8 03 00 00 00 00 00 00 3F 01 02 00 00 06 00 47 00 00 00 00 00 00 00 00 00 00 00 00 00 00 00 00 00 00 00 00 F4 01 00 00 00 00 00 00 3F 01 02 00 00 06 00 48 00 00 00 00 00 00 00 00 00 00 00 00 00 00 00 00 00 00 00 00 E8 03 00 00 00 00 00 00 3F 01 02 00 00 06 00 49 00 00 00 00 00 00 00 00 00 00 00 00 00 00 00 00 00 00 00 00 E8 03 00 00 00 00 00 00 3F 01 02 00 00 06 00 4A 00 00 00 00 00 00 00 00 00 00 00 00 00 00 00 00 00 00 00 00 E8 03 00 00 00 00 00 00 3F 01 02 00 00 06 00 4B 00 00 00 00 00 00 00 00 00 00 00 00 00 00 00 00 00 00 00 00 E8 03 00 00 00 00 00 00 3F 01 02 00 00 06 00 4C 00 00 00 00 00 00 00 00 00 00 00 00 00 00 00 00 00 00 00 00 E8 03 00 00 00 00 00 00 3F 01 02 00 00 06 00 4D 00 00 00 00 00 00 00 00 00 00 00 00 00 00 00 00 00 00 00 00 E8 03 00 00 00 00 00 00 3F 01 02 00 00 06 00 4E 00 00 00 00 00 00 00 00 00 00 00 00 00 00 00 00 00 00 00 00 B8 0B 00 00 00 00 00 00 3F 01 02 00 00 06 00 4F 00 00 00 00 00 00 00 00 00 00 00 00 00 00 00 00 00 00 00 00 E8 03 00 00 00 00 00 00 3F 01 02 00 00 06 00 50 00 00 00 00 00 00 00 00 00 00 00 00 00 00 00 00 00 00 00 00 E8 03 00 00 00 00 00 00 3F 01 02 00 00 06 00 51 00 00 00 00 00 00 00 00 00 00 00 00 00 00 00 00 00 00 00 00 E8 03 00 00 00 00 00 00 3F 01 02 00 00 06 00 52 00 00 00 00 00 00 00 00 00 00 00 00 00 00 00 00 00 00 00 00 B8 0B 00 00 00 00 00 00 3F 01 02 00 00 06 00 53 00 00 00 00 00 00 00 00 00 00 00 00 00 00 00 00 00 00 00 00 E8 03 00 00 00 00 00 00 3F 01 02 00 00 06 00 54 00 00 00 00 00 00 00 00 00 00 00 00 00 00 00 00 00 00 00 00 E8 03 00 00 00 00 00 00 3F 01 02 00 00 06 00 55 00 00 00 00 00 00 00 00 00 00 00 00 00 00 00 00 00 00 00 00 E8 03 00 00 00 00 00 00 3F 01 02 00 00 06 00 56 00 00 00 00 00 00 00 00 00 00 00 00 00 00 00 00 00 00 00 00 E8 03 00 00 00 00 00 00 3F 01 02 00 00 06 00 57 00 00 00 00 00 00 00 00 00 00 00 00 00 00 00 00 00 00 00 00 C4 09 00 00 00 00 00 00 3F 01 02 00 00 06 00 58 00 00 00 00 00 00 00 00 00 00 00 00 00 00 00 00 00 00 00 00 E8 03 00 00 00 00 00 00 3F 01 02 00 00 06 00 59 00 00 00 00 00 00 00 00 00 00 00 00 00 00 00 00 00 00 00 00 C4 09 00 00 00 00 00 00 3F 01 02 00 00 06 00 5A 00 00 00 00 00 00 00 00 00 00 00 00 00 00 00 00 00 00 00 00 C4 09 00 00 00 00 00 00 3F 01 02 00 00 06 00 5B 00 00 00 00 00 00 00 00 00 00 00 00 00 00 00 00 00 00 00 00 00 00 00 00 00 00 00 00 3F 01 02 00 00 06 00 64 00 00 00 00 00 00 00 00 00 00 00 00 00 00 00 00 00 00 00 00 00 00 00 00 00 00 00 00 3F 01 02 00 00 06 00 65 00 00 00 00 00 00 00 00 00 00 00 00 00 00 00 00 00 00 00 00 00 00 00 00 00 00 00 00 3F 01 02 00 00 06 00 66 00 00 00 00 00 00 00 00 00 00 00 00 00 00 00 00 00 00 00 00 00 00 00 00 00 00 00 00 3F 01 02 00 00 06 00 67 00 00 00 00 00 00 00 00 00 00 00 00 00 00 00 00 00 00 00 00 00 00 00 00 00 00 00 00 3F 01 02 00 00 06 00 68 00 00 00 00 00 00 00 00 00 00 00 00 00 00 00 00 00 00 00 00 00 00 00 00 00 00 00 00 3F 01 02 00 00 06 00 69 00 00 00 00 00 00 00 00 00 00 00 00 00 00 00 00 00 00 00 00 94 11 66 00 00 00 0A 00 1F 00 00 00 00 01 01 13 00 00 00 00 00 00 00 00 00 00 00 00 00 00 00 00 00 00 00 00 00 00 00 00 00 00 00 00 00 00 00 00 00 02 00 00 00 00 00 00 00 00 00 00 00 00 00 00 00 00 00 00 00 00 00 00 00 00 00 00 00 00 00 00 1F 02 00 00 00 08 00 FF 00 00 00 00 00 00 00 00 00 00 00 00 00 00 00 00 00 00 00 00 00 00 00 00 00 00 00 00 1F 02 00 00 00 08 00 FF 00 00 00 00 00 00 00 00 00 00 00 00 00 00 00 00 00 00 00 00 00 00 00 00 00 00 00 00 1F 02 00 00 00 08 00 FF 00 00 00 00 00 00 00 00 00 00 00 00 00 00 00 00 00 00 00 00 00 00 00 00 00 00 00 00 3F 02 00 00 00 08 00 FF 00 00 00 00 00 00 00 00 00 00 00 00 00 00 00 00 00 00 00 00 00 00 00 00 00 00 00 00 1F 02 00 00 00 08 00 FF 00 00 00 00 00 00 00 00 00 00 00 00 00 00 00 00 00 00 00 00 00 00 00 00 00 00 00 00 1F 02 00 00 00 08 00 FF 00 00 00 00 00 00 00 00 00 00 00 00 00 00 00 00 00 00 00 00 00 00 00 00 00 00 00 00 1F 02 00 00 00 08 00 FF 00 00 00 00 00 00 00 00 00 00 00 00 00 00 00 00 00 00 00 00 00 00 00 00 00 00 00 00 1F 02 00 00 00 08 00 FF 00 00 00 00 00 00 00 00 00 00 00 00 00 00 00 00 00 00 00 00 00 00 00 00 00 00 00 00 1F 02 00 00 00 08 00 FF 00 00 00 00 00 00 00 00 00 00 00 00 00 00 00 00 00 00 00 00 00 00 00 00 00 00 00 00 1F 02 00 00 00 08 00 FF 00 00 00 00 00 00 00 00 00 00 00 00 00 00 00 00 00 00 00 00 00 00 00 00 00 00 00 00 1F 02 00 00 00 08 00 FF 00 00 00 00 00 00 00 00 00 00 00 00 00 00 00 00 00 00 00 00 00 00 00 00 00 00 00 00 1F 02 00 00 00 08 00 FF 00 00 00 00 00 00 00 00 00 00 00 00 00 00 00 00 00 00 00 00 00 00 00 00 00 00 00 00 3F 02 00 00 00 08 00 FF 00 00 00 00 00 00 00 00 00 00 00 00 00 00 00 00 00 00 00 00 00 00 00 00 00 00 00 00 1F 02 00 00 00 08 00 FF 00 00 00 00 00 00 00 00 00 00 00 00 00 00 00 00 00 00 00 00 00 00 00 00 00 00 00 00 3F 02 00 00 00 08 00 FF 00 00 00 00 00 00 00 00 00 00 00 00 00 00 00 00 00 00 00 00 00 00 00 00 00 00 00 00 1F 02 00 00 00 08 00 FF 00 00 00 00 00 00 00 00 00 00 00 00 00 00 00 00 00 00 00 00 00 00 00 00 00 00 00 00 1F 02 00 00 00 08 00 FF 00 00 00 00 00 00 00 00 00 00 00 00 00 00 00 00 00 00 00 00 00 00 00 00 00 00 00 00 7F 02 0D 00 00 08 00 FF 00 00 00 00 00 00 00 00 00 00 00 00 00 00 00 00 00 00 00 00 00 00 00 00 00 00 00 00 7F 02 0D 00 00 08 00 FF 01 00 00 00 00 00 00 00 00 00 00 00 00 00 00 00 00 00 00 00 00 00 00 00 00 00 00 00 7F 02 0D 00 00 08 00 FF 02 00 00 00 00 00 00 00 00 00 00 00 00 00 00 00 00 00 00 00 00 00 00 00 00 00 00 00 1F 02 00 00 00 08 00 FF 00 00 00 00 00 00 00 00 00 00 00 00 00 00 00 00 00 00 00 00 00 00 00 00 00 00 00 00 1F 02 00 00 00 08 00 FF 00 00 00 00 00 00 00 00 00 00 00 00 00 00 00 00 00 00 00 00 00 00 00 00 00 00 00 00 3F 02 00 00 00 08 00 FF 00 00 00 00 00 00 00 00 00 00 00 00 00 00 00 00 00 00 00 00 00 00 00 00 00 00 00 00 1F 02 00 00 00 08 00 FF 00 00 00 00 00 00 00 00 00 00 00 00 00 00 00 00 00 00 00 00 00 00 00 00 00 00 00 00 1F 02 00 00 00 08 00 FF 00 00 00 00 00 00 00 00 00 00 00 00 00 00 00 00 00 00 00 00 00 00 00 00 00 00 00 00 1F 02 00 00 00 08 00 FF 00 00 00 00 00 00 00 00 00 00 00 00 00 00 00 00 00 00 00 00 00 00 00 00 00 00 00 00 1F 02 00 00 00 08 00 FF 00 00 00 00 00 00 00 00 00 00 00 00 00 00 00 00 00 00 00 00 00 00 00 00 00 00 00 00 1F 02 00 00 00 08 00 FF 00 00 00 00 00 00 00 00 00 00 00 00 00 00 00 00 00 00 00 00 00 00 00 00 00 00 00 00 1F 02 00 00 00 08 00 FF 00 00 00 00 00 00 00 00 00 00 00 00 00 00 00 00 00 00 00 00 00 00 00 00 00 00 00 00 3F 02 00 00 00 08 00 FF 00 00 00 00 00 00 00 00 00 00 00 00 00 00 00 00 00 00 00 00 00 00 00 00 00 00 00 00 1F 02 00 00 00 08 00 FF 00 00 00 00 00 00 00 00 00 00 00 00 00 00 00 00 00 00 00 00 00 00 00 00 00 00 00 00 1F 02 00 00 00 08 00 FF 00 00 00 00 00 00 00 00 00 00 00 00 00 00 00 00 00 00 00 00 00 00 00 00 00 00 00 00 1F 02 00 00 00 08 00 FF 00 00 00 00 00 00 00 00 00 00 00 00 00 00 00 00 00 00 00 00 00 00 00 00 00 00 00 00 1F 02 00 00 00 08 00 FF 00 00 00 00 00 00 00 00 00 00 00 00 00 00 00 00 00 00 00 00 00 00 00 00 00 00 00 00 1F 02 00 00 00 08 00 FF 00 00 00 00 00 00 00 00 00 00 00 00 00 00 00 00 00 00 00 00 00 00 00 00 00 00 00 00 1F 02 00 00 00 08 00 FF 00 00 00 00 00 00 00 00 00 00 00 00 00 00 00 00 00 00 00 00 00 00 00 00 00 00 00 00 1F 02 00 00 00 08 00 FF 00 00 00 00 00 00 00 00 00 00 00 00 00 00 00 00 00 00 00 00 00 00 00 00 00 00 00 00 7F 02 0E 00 00 08 00 03 00 00 00 00 00 00 00 00 00 00 00 00 00 00 00 00 00 00 00 00 00 00 00 00 00 00 00 00 3F 02 0F 00 00 08 00 2A 00 00 00 00 00 00 00 00 00 00 00 00 00 00 00 00 00 00 00 00 00 00 00 00 00 00 00 00 1F 02 00 00 00 08 00 FF 00 00 00 00 00 00 00 00 00 00 00 00 00 00 00 00 00 00 00 00 00 00 00 00 00 00 00 00 1F 02 00 00 00 08 00 FF 00 00 00 00 00 00 00 00 00 00 00 00 00 00 00 00 00 00 00 00 00 00 00 00 00 00 00 00 1F 02 00 00 00 08 00 FF 00 00 00 00 00 00 00 00 00 00 00 00 00 00 00 00 00 00 00 00 00 00 00 00 00 00 00 00 1F 02 00 00 00 08 00 FF 00 00 00 00 00 00 00 00 00 00 00 00 00 00 00 00 00 00 00 00 00 00 00 00 00 00 00 00 7F 02 10 00 00 08 00 FF 00 00 00 00 00 00 00 00 00 00 00 00 00 00 00 00 00 00 00 00 00 00 00 00 00 00 00 00 1F 02 00 00 00 08 00 FF 00 00 00 00 00 00 00 00 00 00 00 00 00 00 00 00 00 00 00 00 00 00 00 00 00 00 00 00 1F 02 00 00 00 08 00 FF 00 00 00 00 00 00 00 00 00 00 00 00 00 00 00 00 00 00 00 00 00 00 00 00 00 00 00 00 3F 02 00 00 00 08 00 FF 00 00 00 00 00 00 00 00 00 00 00 00 00 00 00 00 00 00 00 00 00 00 00 00 00 00 00 00 1F 02 00 00 00 08 00 FF 00 00 00 00 00 00 00 00 00 00 00 00 00 00 00 00 00 00 00 00 00 00 00 00 00 00 00 00 1F 02 00 00 00 08 00 FF 00 00 00 00 00 00 00 00 00 00 00 00 00 00 00 00 00 00 00 00 00 00 00 00 00 00 00 00 1F 02 00 00 00 08 00 FF 00 00 00 00 00 00 00 00 00 00 00 00 00 00 00 00 00 00 00 00 00 00 00 00 00 00 00 00 1F 02 00 00 00 08 00 FF 00 00 00 00 00 00 00 00 00 00 00 00 00 00 00 00 00 00 00 00 00 00 00 00 00 00 00 00 1F 02 00 00 00 08 00 FF 00 00 00 00 00 00 00 00 00 00 00 00 00 00 00 00 00 00 00 00 00 00 00 00 00 00 00 00 1F 02 00 00 00 08 00 FF 00 00 00 00 00 00 00 00 00 00 00 00 00 00 00 00 00 00 00 00 00 00 00 00 00 00 00 00 1F 02 00 00 00 08 00 FF 00 00 00 00 00 00 00 00 00 00 00 00 00 00 00 00 00 00 00 00 00 00 00 00 00 00 00 00 1F 02 00 00 00 08 00 FF 00 00 00 00 00 00 00 00 00 00 00 00 00 00 00 00 00 00 00 00 00 00 00 00 00 00 00 00 1F 02 00 00 00 08 00 FF 00 00 00 00 00 00 00 00 00 00 00 00 00 00 00 00 00 00 00 00 00 00 00 00 00 00 00 00 1F 02 00 00 00 08 00 FF 00 00 00 00 00 00 00 00 00 00 00 00 00 00 00 00 00 00 00 00 02 00 00 00 00 00 00 00 1F 00 00 00 00 02 00 FF 00 00 00 00 00 00 00 00 00 00 00 00 00 00 00 00 00 00 00 00 02 00 00 00 00 00 00 00 1F 00 00 00 00 02 00 FF 00 00 00 00 00 00 00 00 00 00 00 00 00 00 00 00 00 00 00 00 02 00 00 00 00 00 00 00 1F 00 00 00 00 02 00 FF 00 00 00 00 00 00 00 00 00 00 00 00 00 00 00 00 00 00 00 00 02 00 00 00 00 00 00 00 1F 00 00 00 00 02 00 FF 00 00 00 00 00 00 00 00 00 00 00 00 00 00 00 00 00 00 00 00 02 00 00 00 00 00 00 00 1F 00 00 00 00 02 00 FF 00 00 00 00 00 00 00 00 00 00 00 00 00 00 00 00 00 00 00 00 02 00 00 00 00 00 00 00 1F 00 00 00 00 02 00 FF 00 00 00 00 00 00 00 00 00 00 00 00 00 00 00 00 00 00 00 00 02 00 00 00 00 00 00 00 1F 00 00 00 00 02 00 FF 00 00 00 00 00 00 00 00 00 00 00 00 00 00 00 00 00 00 00 00 96 00 00 00 00 00 00 00 1F 08 00 01 02 04 00 10 10 00 00 00 00 00 00 00 00 00 00 00 00 00 00 00 00 00 00 00 96 00 00 00 00 00 00 00 1F 08 00 01 02 04 00 11 11 00 00 00 00 00 00 00 00 00 00 00 00 00 00 00 00 00 00 00 96 00 00 00 00 00 00 00 1F 08 00 01 02 04 00 12 12 00 00 00 00 00 00 00 00 00 00 00 00 00 00 00 00 00 00 00 96 00 00 00 00 00 00 00 1F 08 00 01 02 04 00 13 13 00 00 00 00 00 00 00 00 00 00 00 00 00 00 00 00 00 00 00 96 00 00 00 00 00 00 00 1F 08 00 01 02 04 00 14 14 00 00 00 00 00 00 00 00 00 00 00 00 00 00 00 00 00 00 00 96 00 00 00 00 00 00 00 1F 08 00 01 02 04 00 15 15 00 00 00 00 00 00 00 00 00 00 00 00 00 00 00 00 00 00 00 96 00 00 00 00 00 00 00 1F 08 00 01 02 04 00 16 16 00 00 00 00 00 00 00 00 00 00 00 00 00 00 00 00 00 00 00 1E 00 00 00 00 00 00 00 1F 00 00 01 02 04 00 17 17 00 00 00 00 00 00 00 00 00 00 00 00 00 00 00 00 00 00 00 00 00 00 00 00 00 00 00 1F 00 00 00 02 04 00 FF 00 00 00 00 00 00 00 00 00 00 00 00 00 00 00 00 00 00 00 00 00 00 00 00 00 00 00 00 1F 02 00 00 00 08 00 FF 00 00 00 00 00 00 00 00 00 00 00 00 00 00 00 00 00 00 00 00 00 00 00 00 00 00 00 00 1F 02 00 00 00 08 00 FF 00 00 00 00 00 00 00 00 00 00 00 00 00 00 00 00 00 00 00 00 00 00 00 00 00 00 00 00 3F 02 00 00 00 08 00 FF 00 00 00 00 00 00 00 00 00 00 00 00 00 00 00 00 00 00 00 00 23 00 00 00 00 00 1E 00 9F 40 01 02 01 00 00 1D 3F 00 00 00 00 00 00 00 00 00 00 00 00 00 00 00 00 00 00 00 00 00 00 00 00 00 00 00 1F 00 00 00 00 02 00 FF 00 00 00 00 00 00 00 00 00 00 00 00 00 00 00 00 00 00 00 00 00 00 00 00 00 00 00 00 1F 00 00 00 00 02 00 FF 00 00 00 00 00 00 00 00 00 00 00 00 00 00 00 00 00 00 00 00 00 00 00 00 00 00 00 00 1F 00 00 00 00 02 00 FF 00 00 00 00 00 00 00 00 00 00 00 00 00 00 00 00 00 00 00 00 00 00 00 00 00 00 00 00 1F 00 00 00 00 02 00 FF 00 00 00 00 00 00 00 00 00 00 00 00 00 00 00 00 00 00 00 00 00 00 00 00 00 00 00 00 1F 00 00 00 00 02 00 FF 00 00 00 00 00 00 00 00 00 00 00 00 00 00 00 00 00 00 00 00 00 00 00 00 00 00 00 00 1F 00 00 00 00 02 00 FF 00 00 00 00 00 00 00 00 00 00 00 00 00 00 00 00 00 00 00 00 00 00 00 00 00 00 00 00 1F 00 00 00 00 02 00 FF 00 00 00 00 00 00 00 00 00 00 00 00 00 00 00 00 00 00 00 00 00 00 00 00 00 00 00 00 1F 00 00 00 00 02 00 FF 00 00 00 00 00 00 00 00 00 00 00 00 00 00 00 00 00 00 00 00 00 00 00 00 00 00 00 00 1F 00 00 00 00 02 00 FF 00 00 00 00 00 00 00 00 00 00 00 00 00 00 00 00 00 00 00 00 00 00 00 00 00 00 00 00 1F 00 00 00 00 02 00 FF 00 00 00 00 00 00 00 00 00 00 00 00 00 00 00 00 00 00 00 00 00 00 00 00 00 00 00 00 1F 00 00 00 00 02 00 FF 00 00 00 00 00 00 00 00 00 00 00 00 00 00 00 00 00 00 00 00 00 00 00 00 00 00 00 00 1F 00 00 00 00 02 00 FF 00 00 00 00 00 00 00 00 00 00 00 00 00 00 00 00 00 00 00 00 00 00 00 00 00 00 00 00 1F 00 00 00 00 02 00 FF 00 00 00 00 00 00 00 00 00 00 00 00 00 00 00 00 00 00 00 00 00 00 00 00 00 00 00 00 1F 00 00 00 00 02 00 FF 00 00 00 00 00 00 00 00 00 00 00 00 00 00 00 00 00 00 00 00 00 00 00 00 00 00 00 00 1F 00 00 00 00 02 00 FF 00 00 00 00 00 00 00 00 00 00 00 00 00 00 00 00 00 00 00 00 00 00 00 00 00 00 00 00 1F 00 00 00 00 02 00 FF 00 00 00 00 00 00 00 00 00 00 00 00 00 00 00 00 00 00 00 00 00 00 00 00 00 00 00 00 1F 00 00 00 00 02 00 FF 00 00 00 00 00 00 00 00 00 00 00 00 00 00 00 00 00 00 00 00 00 00 00 00 00 00 00 00 1F 00 00 00 00 02 00 FF 00 00 00 00 00 00 00 00 00 00 00 00 00 00 00 00 00 00 00 00 00 00 00 00 00 00 00 00 1F 00 00 00 00 02 00 FF 00 00 00 00 00 00 00 00 00 00 00 00 00 00 00 00 00 00 00 00 00 00 00 00 00 00 00 00 1F 00 00 00 00 02 00 FF 00 00 00 00 00 00 00 00 00 00 00 00 00 00 00 00 00 00 00 00 00 00 00 00 00 00 00 00 1F 00 00 00 00 02 00 FF 00 00 00 00 00 00 00 00 00 00 00 00 00 00 00 00 00 00 00 00 00 00 00 00 00 00 00 00 1F 00 00 00 00 02 00 FF 00 00 00 00 00 00 00 00 00 00 00 00 00 00 00 00 00 00 00 00 00 00 00 00 00 00 00 00 1F 00 00 00 00 02 00 FF 00 00 00 00 00 00 00 00 00 00 00 00 00 00 00 00 00 00 00 00 00 00 00 00 00 00 00 00 1F 00 00 00 00 02 00 FF 00 00 00 00 00 00 00 00 00 00 00 00 00 00 00 00 00 00 00 00 00 00 00 00 00 00 00 00 1F 00 00 00 00 02 00 FF 00 00 00 00 00 00 00 00 00 00 00 00 00 00 00 00 00 00 00 00 00 00 00 00 00 00 00 00 1F 00 00 00 00 02 00 FF 00 00 00 00 00 00 00 00 00 00 00 00 00 00 00 00 00 00 00 00 00 00 00 00 00 00 00 00 1F 00 00 00 00 02 00 FF 00 00 00 00 00 00 00 00 00 00 00 00 00 00 00 00 00 00 00 00 00 00 00 0A 00 00 0A 00 1F 00 06 00 01 03 00 76 00 08 00 00 00 00 00 00 00 00 00 00 00 00 00 00 00 00 00 00 00 00 00 00 00 00 00 00 1F 02 00 00 00 08 00 FF 00 00 00 00 00 00 00 00 00 00 00 00 00 00 00 00 00 00 00 00 00 00 00 00 00 00 00 00 1F 00 00 00 00 01 00 76 00 00 00 00 00 00 00 00 00 00 00 00 00 00 00 00 00 00 00 00 00 00 00 00 00 00 00 00 1F 00 00 00 00 01 00 77 00 00 00 00 00 00 00 00 00 00 00 00 00 00 00 00 00 00 00 00 00 00 00 00 00 00 1E 00 1F 00 06 00 01 03 00 C9 00 08 00 00 00 00 00 00 00 00 00 00 00 00 00 00 00 00 00 00 F4 01 00 00 00 00 1E 00 1F 00 06 00 00 02 00 3C 00 08 00 00 00 00 00 00 00 00 00 00 00 00 00 00 00 00 00 00 7C 01 92 00 00 00 28 00 1F 00 00 00 00 01 00 2D 00 00 00 00 00 00 00 00 00 00 00 00 00 00 00 00 00 00 00 00 90 01 93 00 00 00 1E 00 1F 00 00 00 00 01 00 12 00 00 00 00 00 00 00 00 00 00 00 00 00 00 00 00 00 00 00 00 C0 12 94 06 00 00 3C 00 1F 00 00 00 00 01 00 28 00 00 00 00 00 00 00 00 00 00 00 00 00 00 00 00 00 00 00 00 32 00 95 00 00 00 0A 00 1F 00 00 00 00 01 00 22 00 00 00 00 00 00 00 00 00 00 00 00 00 00 00 00 00 00 00 00 64 00 96 00 00 00 0A 00 1F 00 00 00 00 01 01 27 00 00 00 00 00 00 00 00 00 00 00 00 00 00 00 00 00 00 00 00 14 00 97 00 00 00 0A 00 1F 00 00 00 00 01 00 1D 00 00 00 00 00 00 00 00 00 00 00 00 00 00 00 00 00 00 00 00 C8 00 98 00 00 00 1E 00 1F 00 00 00 00 01 00 29 00 00 00 00 00 00 00 00 00 00 00 00 00 00 00 00 00 00 00 00 3C 00 99 00 00 00 1E 00 1F 00 00 00 00 01 01 15 00 00 00 00 00 00 00 00 00 00 00 00 00 00 00 00 00 00 00 00 3C 00 9A 00 00 00 1E 00 1F 00 00 00 00 01 01 2B 00 00 00 00 00 00 00 00 00 00 00 00 00 00 00 00 00 00 00 00 64 00 9B 00 00 00 1E 00 1F 00 00 00 00 01 01 31 00 00 00 00 00 00 00 00 00 00 00 00 00 00 00 00 00 00 00 00 14 00 9C 00 00 00 00 00 1F 00 00 00 00 01 01 83 00 00 00 00 00 00 00 00 00 00 00 00 00 00 00 00 00 00 00 00 14 00 9D 00 00 00 00 00 1F 00 00 00 00 01 01 84 00 00 00 00 00 00 00 00 00 00 00 00 00 00 00 00 00 00 00 00 14 00 9E 00 00 00 00 00 1F 00 00 00 00 01 01 85 00 00 00 00 00 00 00 00 00 00 00 00 00 00 00 00 00 00 00 00 14 00 9F 00 00 00 00 00 1F 00 00 00 00 01 01 86 00 00 00 00 00 00 00 00 00 00 00 00 00 00 00 00 00 00 00 00 14 00 A0 00 00 00 00 00 1F 00 00 00 00 01 01 87 00 00 00 00 00 00 00 00 00 00 00 00 00 00 00 00 00 00 00 00 14 00 A1 00 00 00 00 00 1F 00 00 00 00 01 01 88 00 00 00 00 00 00 00 00 00 00 00 00 00 00 00 00 00 00 00 00 14 00 A2 00 00 00 00 00 1F 00 00 00 00 01 01 89 00 00 00 00 00 00 00 00 00 00 00 00 00 00 00 00 00 00 00 00 14 00 A3 00 00 00 00 00 1F 00 00 00 00 01 01 8A 00 00 00 00 00 00 00 00 00 00 00 00 00 00 00 00 00 00 00 00 14 00 A4 00 00 00 00 00 1F 00 00 00 00 01 01 8B 00 00 00 00 00 00 00 00 00 00 00 00 00 00 00 00 00 00 00 00 14 00 A5 00 00 00 00 00 1F 00 00 00 00 01 01 8C 00 00 00 00 00 00 00 00 00 00 00 00 00 00 00 00 00 00 00 00 14 00 A6 00 00 00 00 00 1F 00 00 00 00 01 01 8D 00 00 00 00 00 00 00 00 00 00 00 00 00 00 00 00 00 00 00 00 14 00 A7 00 00 00 00 00 1F 00 00 00 00 01 01 8E 00 00 00 00 00 00 00 00 00 00 00 00 00 00 00 00 00 00 00 00 14 00 A8 00 00 00 00 00 1F 00 00 00 00 01 01 8F 00 00 00 00 00 00 00 00 00 00 00 00 00 00 00 00 00 00 00 00 14 00 A9 00 00 00 00 00 1F 00 00 00 00 01 01 90 00 00 00 00 00 00 00 00 00 00 00 00 00 00 00 00 00 00 00 00 14 00 AA 00 00 00 00 00 1F 00 00 00 00 01 01 91 00 00 00 00 00 00 00 00 00 00 00 00 00 00 00 00 00 00 00 00 14 00 AB 00 00 00 00 00 1F 00 00 00 00 01 01 92 00 00 00 00 00 00 00 00 00 00 00 00 00 00 00 00 00 00 00 00 90 01 AC 00 00 00 00 00 1F 00 00 00 00 01 01 82 00 00 00 00 00 00 00 00 00 00 00 00 00 00 00 00 00 00 00 00 B8 0B 00 00 00 00 14 00 9F 00 01 00 01 00 00 01 00 00 00 00 00 08 1E 64 00 00 00 00 00 00 00 03 02 01 00 00 B8 0B 00 00 00 00 14 00 9F 00 01 00 01 00 00 2D 00 00 00 00 00 10 1E 00 64 00 00 00 00 00 00 03 02 01 00 00 B8 0B 00 00 00 00 14 00 9F 00 01 00 01 00 00 2E 00 00 00 00 00 20 1E 00 00 64 00 00 00 00 00 03 02 01 00 00 B8 0B 00 00 00 00 14 00 9F 00 01 00 01 00 00 2F 00 00 00 00 00 80 1E 00 00 00 00 64 00 00 00 03 02 01 00 00 B8 0B 00 00 00 00 14 00 9F 00 01 00 01 00 00 30 00 00 00 00 00 00 1F 00 00 00 00 00 64 00 00 03 02 01 00 00 B8 0B 00 00 00 00 14 00 9F 00 01 00 01 00 00 31 00 00 00 00 00 40 1E 00 00 00 64 00 00 00 00 03 02 01 00 00 3C 00 00 FF 00 00 14 00 9F 00 01 00 01 00 00 00 1F 00 00 00 00 04 1C 00 00 00 00 00 00 FF 00 01 01 01 00 00 BC 02 00 00 00 00 64 00 1F 00 00 00 01 02 00 9D 00 00 00 00 00 00 00 00 00 00 00 00 00 00 00 00 00 00 00 00 BC 02 00 00 00 00 64 00 1F 00 00 00 01 02 00 9E 00 00 00 00 00 00 00 00 00 00 00 00 00 00 00 00 00 00 00 00 00 00 00 00 00 00 00 00 1F 02 00 00 00 08 00 FF 00 00 00 00 00 00 00 00 00 00 00 00 00 00 00 00 00 00 00 00 14 00 00 00 00 00 1E 00 1F 00 00 00 01 02 00 FF 00 00 00 00 00 00 00 00 00 00 00 00 00 00 00 00 00 00 00 00 00 00 00 00 00 00 00 00 1F 08 00 01 02 04 00 18 18 00 00 00 00 00 00 00 00 00 00 00 00 00 00 00 00 00 00 00 0A 00 00 00 00 00 1E 00 1F 10 00 03 01 03 00 0A 00 00 00 00 00 00 00 00 00 00 00 00 00 00 00 00 00 00 00 00 00 00 00 00 00 00 00 00 1F 02 00 00 00 08 00 FF 00 00 00 00 00 00 00 00 00 00 00 00 00 00 00 00 00 00 00 00 00 00 00 00 00 00 00 00 1F 02 00 00 00 08 00 FF 00 00 00 00 00 00 00 00 00 00 00 00 00 00 00 00 00 00 00 00 B8 0B 00 00 00 00 1E 00 1F 00 00 00 01 02 00 17 00 00 00 00 00 00 00 00 00 00 00 00 00 00 00 00 00 00 00 00 00 7D 00 00 00 00 1E 00 1F 00 00 00 01 02 00 16 00 00 00 00 00 00 00 00 00 00 00 00 00 00 00 00 00 00 00 00 C0 5D 00 00 00 00 1E 00 1F 00 00 00 01 02 00 14 00 00 00 00 00 00 00 00 00 00 00 00 00 00 00 00 00 00 00 00 50 C3 00 00 00 00 1E 00 1F 00 00 00 01 02 00 15 00 00 00 00 00 00 00 00 00 00 00 00 00 00 00 00 00 00 00 00 00 00 00 00 00 00 1E 00 1F 00 00 00 01 02 00 32 00 00 00 00 00 00 00 00 00 00 00 00 00 00 00 00 00 00 00 00 00 00 00 00 00 00 1E 00 1F 00 00 00 01 02 00 33 00 00 00 00 00 00 00 00 00 00 00 00 00 00 00 00 00 00 00 00 70 17 00 00 00 00 1E 00 1F 00 00 00 01 02 00 34 00 00 00 00 00 00 00 00 00 00 00 00 00 00 00 00 00 00 00 00 00 00 00 00 00 00 1E 00 1F 00 00 00 01 02 00 35 00 00 00 00 00 00 00 00 00 00 00 00 00 00 00 00 00 00 00 00 00 00 00 00 00 00 1E 00 1F 00 00 00 01 02 00 36 00 00 00 00 00 00 00 00 00 00 00 00 00 00 00 00 00 00 00 00 00 00 00 00 00 00 1E 00 1F 00 00 00 01 02 00 37 00 00 00 00 00 00 00 00 00 00 00 00 00 00 00 00 00 00 00 00 00 00 00 00 00 00 1E 00 1F 00 00 00 01 02 00 38 00 00 00 00 00 00 00 00 00 00 00 00 00 00 00 00 00 00 00 00 23 00 00 00 00 00 1E 00 9F 40 01 02 01 00 00 1E 3F 00 00 00 00 00 00 00 00 00 00 00 00 00 00 00 00 00 00 00 00 00 00 00 00 00 00 00 1F 00 00 00 01 03 00 FF 00 00 00 00 20 00 00 00 00 00 00 00 00 00 00 00 00 00 00 00 00 00 00 00 00 00 00 00 1F 00 00 00 01 03 00 FF 00 00 00 20 00 00 00 00 00 00 00 00 00 00 00 00 00 00 00 00 00 00 00 00 00 00 00 00 1F 00 00 00 01 03 00 FF 00 00 20 00 00 00 00 00 00 00 00 00 00 00 00 00 00 00 00 00 00 00 00 00 00 00 00 00 1F 00 00 00 01 03 00 FF 00 00 00 02 00 00 00 00 00 00 00 00 00 00 00 00 00 00 00 00 00 00 00 00 00 00 00 00 1F 00 00 00 01 03 00 FF 00 00 02 00 00 00 00 00 00 00 00 00 00 00 00 00 00 00 00 00 00 00 00 00 00 00 00 00 1F 00 00 00 01 03 00 FF 00 20 00 00 00 00 00 00 00 00 00 00 00 00 00 00 00 00 00 00 00 00 00 00 00 00 00 00 1F 00 00 00 01 03 00 FF 00 00 00 00 02 00 00 00 00 00 00 00 00 00 00 00 00 00 00 00 00 00 00 00 00 00 00 00 1F 00 00 00 01 03 00 FF 00 00 00 30 00 00 00 00 00 00 00 00 00 00 00 00 00 00 00 00 00 00 00 00 00 00 00 00 1F 00 00 00 01 03 00 FF 00 00 30 00 00 00 00 00 00 00 00 00 00 00 00 00 00 00 00 00 00 00 00 00 00 00 00 00 1F 00 00 00 01 03 00 FF 00 00 00 03 00 00 00 00 00 00 00 00 00 00 00 00 00 00 00 00 00 00 00 00 00 00 00 00 1F 00 00 00 01 03 00 FF 00 00 03 00 00 00 00 00 00 00 00 00 00 00 00 00 00 00 00 00 00 00 00 00 00 00 00 00 1F 00 00 00 01 03 00 FF 00 30 00 00 00 00 00 00 00 00 00 00 00 00 00 00 00 00 00 00 00 00 00 00 00 00 00 00 1F 00 00 00 01 03 00 FF 00 00 00 00 03 00 00 00 00 00 00 00 00 00 00 00 00 00 00 00 00 00 00 00 00 00 00 00 1F 00 00 00 01 03 00 FF 00 00 00 60 00 00 00 00 00 00 00 00 00 00 00 00 00 00 00 00 00 00 00 00 00 00 00 00 1F 00 00 00 01 03 00 FF 00 00 60 00 00 00 00 00 00 00 00 00 00 00 00 00 00 00 00 00 00 00 00 00 00 00 00 00 1F 00 00 00 01 03 00 FF 00 00 00 06 00 00 00 0 | B2: =SUBSTITUTE(A2," ","") -> 0001009A00000000000000000000000000000000000000006400841400005A001F0000000001009B01000000000000000000000000000000000000006400851400005A001F0000000001009C00000000000000000000000000000000000000006400861400005A001F0000000001009D00000000000000000000000000000000000000006400871400005A001F0000000001009E00000000000000000000000000000000000000006400881400005A001F0000000001009F00000000000000000000000000000000000000006400891400005A001F000000000100A0000000000000000000000000000000000000000064008A1400005A001F000000000100A1000000000000000000000000000000000000000064008B1400005A001F000000000100A2000000000000000000000000000000000000000064008C1400005A001F000000000100A30000000000000000000000000000000000000000C800521400000A001F000000000100520000000000000000000000000000000000000000C800481400000A001F000000000100520000000000000000000000000000000000000000F4016A0000000A001F000000000100520000000000000000000000000000000000000000C8004D1400000A001F000000000100520000000000000000000000000000000000000000C800491400000A001F0000000001005200000000000000000000000000000000000000004C04390A00000A001F00000000010052000000000000000000000000000000000000000058023A0000000A001F000000000100520000000000000000000000000000000000000000C8008D00000050001F0006000102004A0008000000000000000000000000000000000000C8008E00000050001F000600010300480008000000000000000000000000000000000000C8008F00000050001F0006000103004B0008000000000000000000000000000000000000C8009000000032001F000600000100470008000000000000000000000000000000000000C800910000000A001F0006000001004D0008000000000000000000000000000000000000F4014200000050001F0000000001002F0000000000000000000000000000000000000000F401370A001A1E001F0000000001002E0000000000000000000000000000000000000000E8030000000000003F010200000600000000000000000000000000000000000000000000E8030000000000003F010200000600010000000000000000000000000000000000000000E8030000000000003F010200000600020000000000000000000000000000000000000000DC050000000000003F010200000600030000000000000000000000000000000000000000E8030000000000003F010200000600040000000000000000000000000000000000000000E8030000000000003F010200000600050000000000000000000000000000000000000000D0070000000000003F010200000600060000000000000000000000000000000000000000E8030000000000003F010200000600070000000000000000000000000000000000000000C4090000000000003F010200000600080000000000000000000000000000000000000000E8030000000000003F010200000600090000000000000000000000000000000000000000D0070000000000003F0102000006000A0000000000000000000000000000000000000000C4090000000000003F0102000006000B0000000000000000000000000000000000000000E8030000000000003F0102000006000C000000000000000000000000000000000000000088130000000000003F0102000006000D000000000000000000000000000000000000000088130000000000003F0102000006000E0000000000000000000000000000000000000000DC050000000000003F0102000006000F00000000000000000000000000000000000000002C010000000000003F010200000600100000000000000000000000000000000000000000D0070000000000003F010200000600110000000000000000000000000000000000000000E8030000000000003F010200000600120000000000000000000000000000000000000000E8030000000000003F010200000600130000000000000000000000000000000000000000B80B0000000000003F010200000600140000000000000000000000000000000000000000C4090000000000003F010200000600150000000000000000000000000000000000000000E8030000000000003F010200000600160000000000000000000000000000000000000000E8030000000000003F01020000060017000000000000000000000000000000000000000088130000000000003F010200000600180000000000000000000000000000000000000000E8030000000000003F010200000600190000000000000000000000000000000000000000E8030000000000003F0102000006001A0000000000000000000000000000000000000000E8030000000000003F0102000006001B0000000000000000000000000000000000000000E8030000000000003F0102000006001C0000000000000000000000000000000000000000B80B0000000000003F0102000006001D0000000000000000000000000000000000000000E8030000000000003F0102000006001E0000000000000000000000000000000000000000E8030000000000003F0102000006001F0000000000000000000000000000000000000000DC050000000000003F010200000600200000000000000000000000000000000000000000C4090000000000003F010200000600210000000000000000000000000000000000000000E8030000000000003F010200000600220000000000000000000000000000000000000000E8030000000000003F010200000600230000000000000000000000000000000000000000D0070000000000003F01020000060024000000000000000000000000000000000000000088130000000000003F010200000600250000000000000000000000000000000000000000E8030000000000003F010200000600260000000000000000000000000000000000000000C4090000000000003F010200000600270000000000000000000000000000000000000000E8030000000000003F010200000600280000000000000000000000000000000000000000B80B0000000000003F010200000600290000000000000000000000000000000000000000E8030000000000003F0102000006002A0000000000000000000000000000000000000000E8030000000000003F0102000006002B0000000000000000000000000000000000000000E8030000000000003F0102000006002C0000000000000000000000000000000000000000E8030000000000003F0102000006002D0000000000000000000000000000000000000000C4090000000000003F0102000006002E0000000000000000000000000000000000000000E8030000000000003F0102000006002F0000000000000000000000000000000000000000E8030000000000003F010200000600300000000000000000000000000000000000000000B80B0000000000003F010200000600310000000000000000000000000000000000000000C4090000000000003F010200000600320000000000000000000000000000000000000000DC050000000000003F010200000600330000000000000000000000000000000000000000E8030000000000003F010200000600340000000000000000000000000000000000000000E8030000000000003F010200000600350000000000000000000000000000000000000000E8030000000000003F010200000600360000000000000000000000000000000000000000C4090000000000003F010200000600370000000000000000000000000000000000000000E8030000000000003F010200000600380000000000000000000000000000000000000000E8030000000000003F010200000600390000000000000000000000000000000000000000B80B0000000000003F0102000006003A0000000000000000000000000000000000000000DC050000000000003F0102000006003B0000000000000000000000000000000000000000E8030000000000003F0102000006003C0000000000000000000000000000000000000000DC050000000000003F0102000006003D0000000000000000000000000000000000000000E8030000000000003F0102000006003E0000000000000000000000000000000000000000C4090000000000003F0102000006003F0000000000000000000000000000000000000000B80B0000000000003F010200000600400000000000000000000000000000000000000000E8030000000000003F010200000600410000000000000000000000000000000000000000E8030000000000003F01020000060042000000000000000000000000000000000000000088130000000000003F010200000600430000000000000000000000000000000000000000E8030000000000003F010200000600440000000000000000000000000000000000000000DC050000000000003F01020000060045000000000000000000000000000000000000000088130000000000003F010200000600460000000000000000000000000000000000000000E8030000000000003F010200000600470000000000000000000000000000000000000000F4010000000000003F010200000600480000000000000000000000000000000000000000E8030000000000003F010200000600490000000000000000000000000000000000000000E8030000000000003F0102000006004A0000000000000000000000000000000000000000E8030000000000003F0102000006004B0000000000000000000000000000000000000000E8030000000000003F0102000006004C0000000000000000000000000000000000000000E8030000000000003F0102000006004D0000000000000000000000000000000000000000E8030000000000003F0102000006004E0000000000000000000000000000000000000000B80B0000000000003F0102000006004F0000000000000000000000000000000000000000E8030000000000003F010200000600500000000000000000000000000000000000000000E8030000000000003F010200000600510000000000000000000000000000000000000000E8030000000000003F010200000600520000000000000000000000000000000000000000B80B0000000000003F010200000600530000000000000000000000000000000000000000E8030000000000003F010200000600540000000000000000000000000000000000000000E8030000000000003F010200000600550000000000000000000000000000000000000000E8030000000000003F010200000600560000000000000000000000000000000000000000E8030000000000003F010200000600570000000000000000000000000000000000000000C4090000000000003F010200000600580000000000000000000000000000000000000000E8030000000000003F010200000600590000000000000000000000000000000000000000C4090000000000003F0102000006005A0000000000000000000000000000000000000000C4090000000000003F0102000006005B000000000000000000000000000000000000000000000000000000003F01020000060064000000000000000000000000000000000000000000000000000000003F01020000060065000000000000000000000000000000000000000000000000000000003F01020000060066000000000000000000000000000000000000000000000000000000003F01020000060067000000000000000000000000000000000000000000000000000000003F01020000060068000000000000000000000000000000000000000000000000000000003F0102000006006900000000000000000000000000000000000000009411660000000A001F00000000010113000000000000000000000000000000000000000000000000000000000000000000020000000000000000000000000000000000000000000000000000000000001F020000000800FF000000000000000000000000000000000000000000000000000000001F020000000800FF000000000000000000000000000000000000000000000000000000001F020000000800FF000000000000000000000000000000000000000000000000000000003F020000000800FF000000000000000000000000000000000000000000000000000000001F020000000800FF000000000000000000000000000000000000000000000000000000001F020000000800FF000000000000000000000000000000000000000000000000000000001F020000000800FF000000000000000000000000000000000000000000000000000000001F020000000800FF000000000000000000000000000000000000000000000000000000001F020000000800FF000000000000000000000000000000000000000000000000000000001F020000000800FF000000000000000000000000000000000000000000000000000000001F020000000800FF000000000000000000000000000000000000000000000000000000001F020000000800FF000000000000000000000000000000000000000000000000000000003F020000000800FF000000000000000000000000000000000000000000000000000000001F020000000800FF000000000000000000000000000000000000000000000000000000003F020000000800FF000000000000000000000000000000000000000000000000000000001F020000000800FF000000000000000000000000000000000000000000000000000000001F020000000800FF000000000000000000000000000000000000000000000000000000007F020D00000800FF000000000000000000000000000000000000000000000000000000007F020D00000800FF010000000000000000000000000000000000000000000000000000007F020D00000800FF020000000000000000000000000000000000000000000000000000001F020000000800FF000000000000000000000000000000000000000000000000000000001F020000000800FF000000000000000000000000000000000000000000000000000000003F020000000800FF000000000000000000000000000000000000000000000000000000001F020000000800FF000000000000000000000000000000000000000000000000000000001F020000000800FF000000000000000000000000000000000000000000000000000000001F020000000800FF000000000000000000000000000000000000000000000000000000001F020000000800FF000000000000000000000000000000000000000000000000000000001F020000000800FF000000000000000000000000000000000000000000000000000000001F020000000800FF000000000000000000000000000000000000000000000000000000003F020000000800FF000000000000000000000000000000000000000000000000000000001F020000000800FF000000000000000000000000000000000000000000000000000000001F020000000800FF000000000000000000000000000000000000000000000000000000001F020000000800FF000000000000000000000000000000000000000000000000000000001F020000000800FF000000000000000000000000000000000000000000000000000000001F020000000800FF000000000000000000000000000000000000000000000000000000001F020000000800FF000000000000000000000000000000000000000000000000000000001F020000000800FF000000000000000000000000000000000000000000000000000000007F020E0000080003000000000000000000000000000000000000000000000000000000003F020F000008002A000000000000000000000000000000000000000000000000000000001F020000000800FF000000000000000000000000000000000000000000000000000000001F020000000800FF000000000000000000000000000000000000000000000000000000001F020000000800FF000000000000000000000000000000000000000000000000000000001F020000000800FF000000000000000000000000000000000000000000000000000000007F021000000800FF000000000000000000000000000000000000000000000000000000001F020000000800FF000000000000000000000000000000000000000000000000000000001F020000000800FF000000000000000000000000000000000000000000000000000000003F020000000800FF000000000000000000000000000000000000000000000000000000001F020000000800FF000000000000000000000000000000000000000000000000000000001F020000000800FF000000000000000000000000000000000000000000000000000000001F020000000800FF000000000000000000000000000000000000000000000000000000001F020000000800FF000000000000000000000000000000000000000000000000000000001F020000000800FF000000000000000000000000000000000000000000000000000000001F020000000800FF000000000000000000000000000000000000000000000000000000001F020000000800FF000000000000000000000000000000000000000000000000000000001F020000000800FF000000000000000000000000000000000000000000000000000000001F020000000800FF000000000000000000000000000000000000000000000000000000001F020000000800FF000000000000000000000000000000000000000002000000000000001F000000000200FF000000000000000000000000000000000000000002000000000000001F000000000200FF000000000000000000000000000000000000000002000000000000001F000000000200FF000000000000000000000000000000000000000002000000000000001F000000000200FF000000000000000000000000000000000000000002000000000000001F000000000200FF000000000000000000000000000000000000000002000000000000001F000000000200FF000000000000000000000000000000000000000002000000000000001F000000000200FF000000000000000000000000000000000000000096000000000000001F08000102040010100000000000000000000000000000000000000096000000000000001F08000102040011110000000000000000000000000000000000000096000000000000001F08000102040012120000000000000000000000000000000000000096000000000000001F08000102040013130000000000000000000000000000000000000096000000000000001F08000102040014140000000000000000000000000000000000000096000000000000001F08000102040015150000000000000000000000000000000000000096000000000000001F0800010204001616000000000000000000000000000000000000001E000000000000001F00000102040017170000000000000000000000000000000000000000000000000000001F000000020400FF000000000000000000000000000000000000000000000000000000001F020000000800FF000000000000000000000000000000000000000000000000000000001F020000000800FF000000000000000000000000000000000000000000000000000000003F020000000800FF00000000000000000000000000000000000000002300000000001E009F4001020100001D3F0000000000000000000000000000000000000000000000000000001F000000000200FF000000000000000000000000000000000000000000000000000000001F000000000200FF000000000000000000000000000000000000000000000000000000001F000000000200FF000000000000000000000000000000000000000000000000000000001F000000000200FF000000000000000000000000000000000000000000000000000000001F000000000200FF000000000000000000000000000000000000000000000000000000001F000000000200FF000000000000000000000000000000000000000000000000000000001F000000000200FF000000000000000000000000000000000000000000000000000000001F000000000200FF000000000000000000000000000000000000000000000000000000001F000000000200FF000000000000000000000000000000000000000000000000000000001F000000000200FF000000000000000000000000000000000000000000000000000000001F000000000200FF000000000000000000000000000000000000000000000000000000001F000000000200FF000000000000000000000000000000000000000000000000000000001F000000000200FF000000000000000000000000000000000000000000000000000000001F000000000200FF000000000000000000000000000000000000000000000000000000001F000000000200FF000000000000000000000000000000000000000000000000000000001F000000000200FF000000000000000000000000000000000000000000000000000000001F000000000200FF000000000000000000000000000000000000000000000000000000001F000000000200FF000000000000000000000000000000000000000000000000000000001F000000000200FF000000000000000000000000000000000000000000000000000000001F000000000200FF000000000000000000000000000000000000000000000000000000001F000000000200FF000000000000000000000000000000000000000000000000000000001F000000000200FF000000000000000000000000000000000000000000000000000000001F000000000200FF000000000000000000000000000000000000000000000000000000001F000000000200FF000000000000000000000000000000000000000000000000000000001F000000000200FF000000000000000000000000000000000000000000000000000000001F000000000200FF000000000000000000000000000000000000000000000000000000001F000000000200FF00000000000000000000000000000000000000000000000A00000A001F00060001030076000800000000000000000000000000000000000000000000000000001F020000000800FF000000000000000000000000000000000000000000000000000000001F00000000010076000000000000000000000000000000000000000000000000000000001F0000000001007700000000000000000000000000000000000000000000000000001E001F000600010300C90008000000000000000000000000000000000000F401000000001E001F0006000002003C00080000000000000000000000000000000000007C019200000028001F0000000001002D00000000000000000000000000000000000000009001930000001E001F000000000100120000000000000000000000000000000000000000C012940600003C001F0000000001002800000000000000000000000000000000000000003200950000000A001F0000000001002200000000000000000000000000000000000000006400960000000A001F0000000001012700000000000000000000000000000000000000001400970000000A001F0000000001001D0000000000000000000000000000000000000000C800980000001E001F0000000001002900000000000000000000000000000000000000003C00990000001E001F0000000001011500000000000000000000000000000000000000003C009A0000001E001F0000000001012B000000000000000000000000000000000000000064009B0000001E001F00000000010131000000000000000000000000000000000000000014009C00000000001F00000000010183000000000000000000000000000000000000000014009D00000000001F00000000010184000000000000000000000000000000000000000014009E00000000001F00000000010185000000000000000000000000000000000000000014009F00000000001F0000000001018600000000000000000000000000000000000000001400A000000000001F0000000001018700000000000000000000000000000000000000001400A100000000001F0000000001018800000000000000000000000000000000000000001400A200000000001F0000000001018900000000000000000000000000000000000000001400A300000000001F0000000001018A00000000000000000000000000000000000000001400A400000000001F0000000001018B00000000000000000000000000000000000000001400A500000000001F0000000001018C00000000000000000000000000000000000000001400A600000000001F0000000001018D00000000000000000000000000000000000000001400A700000000001F0000000001018E00000000000000000000000000000000000000001400A800000000001F0000000001018F00000000000000000000000000000000000000001400A900000000001F0000000001019000000000000000000000000000000000000000001400AA00000000001F0000000001019100000000000000000000000000000000000000001400AB00000000001F0000000001019200000000000000000000000000000000000000009001AC00000000001F000000000101820000000000000000000000000000000000000000B80B0000000014009F000100010000010000000000081E64000000000000000302010000B80B0000000014009F0001000100002D0000000000101E00640000000000000302010000B80B0000000014009F0001000100002E0000000000201E00006400000000000302010000B80B0000000014009F0001000100002F0000000000801E00000000640000000302010000B80B0000000014009F000100010000300000000000001F00000000006400000302010000B80B0000000014009F000100010000310000000000401E000000640000000003020100003C0000FF000014009F000100010000001F00000000041C000000000000FF000101010000BC020000000064001F0000000102009D0000000000000000000000000000000000000000BC020000000064001F0000000102009E000000000000000000000000000000000000000000000000000000001F020000000800FF00000000000000000000000000000000000000001400000000001E001F000000010200FF000000000000000000000000000000000000000000000000000000001F0800010204001818000000000000000000000000000000000000000A00000000001E001F1000030103000A000000000000000000000000000000000000000000000000000000001F020000000800FF000000000000000000000000000000000000000000000000000000001F020000000800FF0000000000000000000000000000000000000000B80B000000001E001F000000010200170000000000000000000000000000000000000000007D000000001E001F000000010200160000000000000000000000000000000000000000C05D000000001E001F00000001020014000000000000000000000000000000000000000050C3000000001E001F0000000102001500000000000000000000000000000000000000000000000000001E001F0000000102003200000000000000000000000000000000000000000000000000001E001F0000000102003300000000000000000000000000000000000000007017000000001E001F0000000102003400000000000000000000000000000000000000000000000000001E001F0000000102003500000000000000000000000000000000000000000000000000001E001F0000000102003600000000000000000000000000000000000000000000000000001E001F0000000102003700000000000000000000000000000000000000000000000000001E001F0000000102003800000000000000000000000000000000000000002300000000001E009F4001020100001E3F0000000000000000000000000000000000000000000000000000001F000000010300FF000000002000000000000000000000000000000000000000000000001F000000010300FF000000200000000000000000000000000000000000000000000000001F000000010300FF000020000000000000000000000000000000000000000000000000001F000000010300FF000000020000000000000000000000000000000000000000000000001F000000010300FF000002000000000000000000000000000000000000000000000000001F000000010300FF002000000000000000000000000000000000000000000000000000001F000000010300FF000000000200000000000000000000000000000000000000000000001F000000010300FF000000300000000000000000000000000000000000000000000000001F000000010300FF000030000000000000000000000000000000000000000000000000001F000000010300FF000000030000000000000000000000000000000000000000000000001F000000010300FF000003000000000000000000000000000000000000000000000000001F000000010300FF003000000000000000000000000000000000000000000000000000001F000000010300FF000000000300000000000000000000000000000000000000000000001F000000010300FF000000600000000000000000000000000000000000000000000000001F000000010300FF000060000000000000000000000000000000000000000000000000001F000000010300FF000000060000000 | C2: =RIGHT(B2,B7-(32760-B6))&B3&LEFT(B4,2) -> 00000000000000001F020000000800FF000000000000000000000000000000000000000000000000000000003F020000000800FF000000000000000000000000000000000000000000000000000000001F020000000800FF000000000000000000000000000000000000000000000000000000001F020000000800FF000000000000000000000000000000000000000000000000000000001F020000000800FF000000000000000000000000000000000000000000000000000000001F020000000800FF000000000000000000000000000000000000000000000000000000001F020000000800FF000000000000000000000000000000000000000000000000000000001F020000000800FF000000000000000000000000000000000000000000000000000000001F020000000800FF000000000000000000000000000000000000000000000000000000007F020E0000080003000000000000000000000000000000000000000000000000000000003F020F000008002A000000000000000000000000000000000000000000000000000000001F020000000800FF000000000000000000000000000000000000000000000000000000001F020000000800FF000000000000000000000000000000000000000000000000000000001F020000000800FF000000000000000000000000000000000000000000000000000000001F020000000800FF000000000000000000000000000000000000000000000000000000007F021000000800FF000000000000000000000000000000000000000000000000000000001F020000000800FF000000000000000000000000000000000000000000000000000000001F020000000800FF000000000000000000000000000000000000000000000000000000003F020000000800FF000000000000000000000000000000000000000000000000000000001F020000000800FF000000000000000000000000000000000000000000000000000000001F020000000800FF000000000000000000000000000000000000000000000000000000001F020000000800FF000000000000000000000000000000000000000000000000000000001F020000000800FF000000000000000000000000000000000000000000000000000000001F020000000800FF000000000000000000000000000000000000000000000000000000001F020000000800FF000000000000000000000000000000000000000000000000000000001F020000000800FF000000000000000000000000000000000000000000000000000000001F020000000800FF000000000000000000000000000000000000000000000000000000001F020000000800FF000000000000000000000000000000000000000000000000000000001F020000000800FF000000000000000000000000000000000000000002000000000000001F000000000200FF000000000000000000000000000000000000000002000000000000001F000000000200FF000000000000000000000000000000000000000002000000000000001F000000000200FF000000000000000000000000000000000000000002000000000000001F000000000200FF000000000000000000000000000000000000000002000000000000001F000000000200FF000000000000000000000000000000000000000002000000000000001F000000000200FF000000000000000000000000000000000000000002000000000000001F000000000200FF000000000000000000000000000000000000000096000000000000001F08000102040010100000000000000000000000000000000000000096000000000000001F08000102040011110000000000000000000000000000000000000096000000000000001F08000102040012120000000000000000000000000000000000000096000000000000001F08000102040013130000000000000000000000000000000000000096000000000000001F08000102040014140000000000000000000000000000000000000096000000000000001F08000102040015150000000000000000000000000000000000000096000000000000001F0800010204001616000000000000000000000000000000000000001E000000000000001F00000102040017170000000000000000000000000000000000000000000000000000001F000000020400FF000000000000000000000000000000000000000000000000000000001F020000000800FF000000000000000000000000000000000000000000000000000000001F020000000800FF000000000000000000000000000000000000000000000000000000003F020000000800FF00000000000000000000000000000000000000002300000000001E009F4001020100001D3F0000000000000000000000000000000000000000000000000000001F000000000200FF000000000000000000000000000000000000000000000000000000001F000000000200FF000000000000000000000000000000000000000000000000000000001F000000000200FF000000000000000000000000000000000000000000000000000000001F000000000200FF000000000000000000000000000000000000000000000000000000001F000000000200FF000000000000000000000000000000000000000000000000000000001F000000000200FF000000000000000000000000000000000000000000000000000000001F000000000200FF000000000000000000000000000000000000000000000000000000001F000000000200FF000000000000000000000000000000000000000000000000000000001F000000000200FF000000000000000000000000000000000000000000000000000000001F000000000200FF000000000000000000000000000000000000000000000000000000001F000000000200FF000000000000000000000000000000000000000000000000000000001F000000000200FF000000000000000000000000000000000000000000000000000000001F000000000200FF000000000000000000000000000000000000000000000000000000001F000000000200FF000000000000000000000000000000000000000000000000000000001F000000000200FF000000000000000000000000000000000000000000000000000000001F000000000200FF000000000000000000000000000000000000000000000000000000001F000000000200FF000000000000000000000000000000000000000000000000000000001F000000000200FF000000000000000000000000000000000000000000000000000000001F000000000200FF000000000000000000000000000000000000000000000000000000001F000000000200FF000000000000000000000000000000000000000000000000000000001F000000000200FF000000000000000000000000000000000000000000000000000000001F000000000200FF000000000000000000000000000000000000000000000000000000001F000000000200FF000000000000000000000000000000000000000000000000000000001F000000000200FF000000000000000000000000000000000000000000000000000000001F000000000200FF000000000000000000000000000000000000000000000000000000001F000000000200FF000000000000000000000000000000000000000000000000000000001F000000000200FF00000000000000000000000000000000000000000000000A00000A001F00060001030076000800000000000000000000000000000000000000000000000000001F020000000800FF000000000000000000000000000000000000000000000000000000001F00000000010076000000000000000000000000000000000000000000000000000000001F0000000001007700000000000000000000000000000000000000000000000000001E001F000600010300C90008000000000000000000000000000000000000F401000000001E001F0006000002003C00080000000000000000000000000000000000007C019200000028001F0000000001002D00000000000000000000000000000000000000009001930000001E001F000000000100120000000000000000000000000000000000000000C012940600003C001F0000000001002800000000000000000000000000000000000000003200950000000A001F0000000001002200000000000000000000000000000000000000006400960000000A001F0000000001012700000000000000000000000000000000000000001400970000000A001F0000000001001D0000000000000000000000000000000000000000C800980000001E001F0000000001002900000000000000000000000000000000000000003C00990000001E001F0000000001011500000000000000000000000000000000000000003C009A0000001E001F0000000001012B000000000000000000000000000000000000000064009B0000001E001F00000000010131000000000000000000000000000000000000000014009C00000000001F00000000010183000000000000000000000000000000000000000014009D00000000001F00000000010184000000000000000000000000000000000000000014009E00000000001F00000000010185000000000000000000000000000000000000000014009F00000000001F0000000001018600000000000000000000000000000000000000001400A000000000001F0000000001018700000000000000000000000000000000000000001400A100000000001F0000000001018800000000000000000000000000000000000000001400A200000000001F0000000001018900000000000000000000000000000000000000001400A300000000001F0000000001018A00000000000000000000000000000000000000001400A400000000001F0000000001018B00000000000000000000000000000000000000001400A500000000001F0000000001018C00000000000000000000000000000000000000001400A600000000001F0000000001018D00000000000000000000000000000000000000001400A700000000001F0000000001018E00000000000000000000000000000000000000001400A800000000001F0000000001018F00000000000000000000000000000000000000001400A900000000001F0000000001019000000000000000000000000000000000000000001400AA00000000001F0000000001019100000000000000000000000000000000000000001400AB00000000001F0000000001019200000000000000000000000000000000000000009001AC00000000001F000000000101820000000000000000000000000000000000000000B80B0000000014009F000100010000010000000000081E64000000000000000302010000B80B0000000014009F0001000100002D0000000000101E00640000000000000302010000B80B0000000014009F0001000100002E0000000000201E00006400000000000302010000B80B0000000014009F0001000100002F0000000000801E00000000640000000302010000B80B0000000014009F000100010000300000000000001F00000000006400000302010000B80B0000000014009F000100010000310000000000401E000000640000000003020100003C0000FF000014009F000100010000001F00000000041C000000000000FF000101010000BC020000000064001F0000000102009D0000000000000000000000000000000000000000BC020000000064001F0000000102009E000000000000000000000000000000000000000000000000000000001F020000000800FF00000000000000000000000000000000000000001400000000001E001F000000010200FF000000000000000000000000000000000000000000000000000000001F0800010204001818000000000000000000000000000000000000000A00000000001E001F1000030103000A000000000000000000000000000000000000000000000000000000001F020000000800FF000000000000000000000000000000000000000000000000000000001F020000000800FF0000000000000000000000000000000000000000B80B000000001E001F000000010200170000000000000000000000000000000000000000007D000000001E001F000000010200160000000000000000000000000000000000000000C05D000000001E001F00000001020014000000000000000000000000000000000000000050C3000000001E001F0000000102001500000000000000000000000000000000000000000000000000001E001F0000000102003200000000000000000000000000000000000000000000000000001E001F0000000102003300000000000000000000000000000000000000007017000000001E001F0000000102003400000000000000000000000000000000000000000000000000001E001F0000000102003500000000000000000000000000000000000000000000000000001E001F0000000102003600000000000000000000000000000000000000000000000000001E001F0000000102003700000000000000000000000000000000000000000000000000001E001F0000000102003800000000000000000000000000000000000000002300000000001E009F4001020100001E3F0000000000000000000000000000000000000000000000000000001F000000010300FF000000002000000000000000000000000000000000000000000000001F000000010300FF000000200000000000000000000000000000000000000000000000001F000000010300FF000020000000000000000000000000000000000000000000000000001F000000010300FF000000020000000000000000000000000000000000000000000000001F000000010300FF000002000000000000000000000000000000000000000000000000001F000000010300FF002000000000000000000000000000000000000000000000000000001F000000010300FF000000000200000000000000000000000000000000000000000000001F000000010300FF000000300000000000000000000000000000000000000000000000001F000000010300FF000030000000000000000000000000000000000000000000000000001F000000010300FF000000030000000000000000000000000000000000000000000000001F000000010300FF000003000000000000000000000000000000000000000000000000001F000000010300FF003000000000000000000000000000000000000000000000000000001F000000010300FF000000000300000000000000000000000000000000000000000000001F000000010300FF000000600000000000000000000000000000000000000000000000001F000000010300FF000060000000000000000000000000000000000000000000000000001F000000010300FF000000060000000000000000000000000000000000000000000000001F000000010300FF000006000000000000000000000000000000000000000000000000001F000000010300FF006000000000000000000000000000000000000000000000000000001F000000010300FF000000000600000000000000000000000000000000000000000000001F000000010300FF000000000000000000000000000000000000000000000000000000001F000000010300FF000000000000000000000000000000000000000000000000000000001F000000010300FF000000000000000000000000000000000000000000000000000000001F000000010300FF000000000000000000000000000000000000000000000000000000001F000000010300FF000000003000000000000000000000000000000000000000000000001F020000000800FF000000000000000000000000000000000000000000000000000000001F020000000800FF000000000000000000000000000000000000000088130000000000003F0102000006005C0000000000000000000000000000000000000000B80B0000000000003F0102000006005D0000000000000000000000000000000000000000C4090000000000003F0102000006005E000000000000000000000000000000000000000000000000000000001F020000000800FF00000000000000000000000000000000000000000000000000001E001F000600010300C8000800000000000000000000000000000000000000000000000000001F020000000800FF000000000000000000000000000000000000000000000000000000001F020000000800FF000000000000000000000000000000000000000000000000000000001F020000000800FF000000000000000000000000000000000000000000000000000000001F020000000800FF000000000000000000000000000000000000000000000000000000001F020000000800FF000000000000000000000000000000000000000000000000000000003F02110000080028000000000000000000000000000000000000000000000000000000003F02110000080029000000000000000000000000000000000000000000000000000000001F020000000800FF000000000000000000000000000000000000000000000000000000003F020000000800FF000000000000000000000000000000000000000000000000000000003F020000000800FF000000000000000000000000000000000000000000000000000000001F020000000800FF000000000000000000000000000000000000000000000000000000001F020000000800FF000000000000000000000000000000000000000000000000000000001F020000000800FF000000000000000000000000000000000000000000000000000000001F020000000800FF000000000000000000000000000000000000000000000000000000001F020000000800FF000000000000000000000000000000000000000000000000000000003F020F000008002B00000000000000000000000000000000000000006400AD00000050001F0000000001012A00000000000000000000000000000000000000002A12AE00000050001F00000000010035000000000000000000000000000000000000000000000000000000003F020000000800FF000000000000000000000000000000000000000000000000000000003F020000000800FF000000000000000000000000000000000000000000000000000000003F020000000800FF00000000000000000000000000000000000000006400AF1400005A001F000000000100A40000000000000000000000000000000000000000E8030000000000009F000100000000340000000000000000000000000000000000000000C8000000000050001F0006000001004E0008000000000000000000000000000000000000C8000000000050001F0006000001004F00080000000000000000000000000000000000003C00B00000001E001F0000000001011F00000000000000000000000000000000000000003C00B10000001E001F000000000101380000000000000000000000000000000000000000F401B200000050001F00000000010037000000000000000000000000000000000000000000000000000000003F020000000800FF00000000000000000000000000000000000000001400000000001E001F000000010200FF00000000000000000000000000000000000000001400000000001E001F000000010200FF00000000000000000000000000000000000000001400000000001E001F000000010200FF00000000000000000000000000000000000000001400000000001E001F000000010200FF000000000000000000000000000000000000000000000000000050001F000000000100C7000000000000000000000000000000000000000000000000000050001F000000000100C8000000000000000000000000000000000000000000000000000050001F000000000100D1000000000000000000000000000000000000000000000000000050001F000000000100D9000000000000000000000000000000000000000000000000000050001F000000000100EA000000000000000000000000000000000000000000000000000050001F000000000100C30000000000000000000000000000000000000000983A0000000050001F000000000100E00000000000000000000000000000000000000000983A0000000050001F000000000100E1000000000000000000000000000000000000000000000000000050001F000000000100D4000000000000000000000000000000000000000000000000000050001F000000000100CE000000000000000000000000000000000000000000000000000050001F000000000100DC000000000000000000000000000000000000000000000000000050001F000000000100DE000000000000000000000000000000000000000000000000000050001F000000000100CB000000000000000000000000000000000000000000000000000050001F000000000100D6000000000000000000000000000000000000000000000000000050001F000000000100D5000000000000000000000000000000000000000000000000000050001F000000000100C1000000000000000000000000000000000000000000000000000050001F000000000100DA000000000000000000000000000000000000000000000000000050001F000000000100EC000000000000000000000000000000000000000000000000000050001F000000000100E5000000000000000000000000000000000000000000000000000050001F000000000100C4000000000000000000000000000000000000000000000000000050001F000000000100C5000000000000000000000000000000000000000000000000000050001F000000000100BE000000000000000000000000000000000000000000000000000050001F000000000100EB000000000000000000000000000000000000000000000000000050001F000000000100D8000000000000000000000000000000000000000000000000000050001F000000000100DB000000000000000000000000000000000000000000000000000050001F000000000100C6000000000000000000000000000000000000000000000000000050001F000000000100E6000000000000000000000000000000000000000000000000000050001F000000000100C2000000000000000000000000000000000000000000000000000050001F000000000100E8000000000000000000000000000000000000000000000000000050001F000000000100E900000000000000000000000000000000000000000200B30000000A5091010C000107014000000000000000000000000000000000000000000200B40000110A6491010C000107014100000000000000000000000000000000000000000200B50000140A6490010C0001070142000000000000000000000000000000000000000000000000000000003F020000000800FF0000000000000000000000000000000000000000C4090000000000003F0102000006005F0000000000000000000000000000000000000000E8030000000000003F010200000600600000000000000000000000000000000000000000B80B0000000000003F010200000600610000000000000000000000000000000000000000E8030000000000003F010200000600620000000000000000000000000000000000000000C4090000000000003F01020000060063000000000000000000000000000000000000000000000000000000003F020000000800FF000000000000000000000000000000000000000000000000000000003F02000000080005000000000000000000000000000000000000000000000000000000003F020000000800FF000000000000000000000000000000000000000000000000000000003F020000000800FF00000000000000000000000000000000000000000200000000000A001F00000000020008000000000000000000000000000000000000000000000000000000003F020000000800FF000000000000000000000000000000000000000000000000000000003F020000000800FF000000000000000000000000000000000000000000000000000000003F020000000800FF000000000000000000000000000000000000000000000000000000003F020000000800FF00000000000000000000000000000000000000002C01000000001E001F000000010200B4000000000000000000000000000000000000000000000000000000003F02000000080014000000000000000000000000000000000000000000000000000000003F02000000080015000000000000000000000000000000000000000000000000000000003F020000000800FF00000000000000000000000000000000000000002300000000001E009F4001020100001F3F000000000000000000000000000000000000002300000000001E009F400102010000203F00000000000000000000000000000000000000BC020000000064001F0000000002009F0000000000000000000000000000000000000000BC020000000064001F000000000200A0000000000000000000000000000000000000000000000000000000003F020000000800FF000000000000000000000000000000000000000000000000000000003F020000000800FF000000000000000000000000000000000000000000000000000000003F020000000800FF00000000000000000000000000000000000000001400B600000000001F00000000010193000000000000000000000000000000000000000000000000000000003F020000000800FF000000000000000000000000000000000000000000000000000000003F020000000800FF000000000000000000000000000000000000000000000000000000007F020300000800FF000000000000000000000000000000000000000000000000000000007F020300000800FF000000000000000000000000000000000000000000000000000000003F020000000800FF000000000000000000000000000000000000000000000000000000003F020000000800FF000000000000000000000000000000000000000000000000000000003F020000000800FF000000000000000000000000000000000000000000000000000000003F020000000800FF000000000000000000000000000000000000000000000000000000007F020800000800FF000000000000000000000000000000000000000000000000000000003F020000000800FF000000000000000000000000000000000000000000000000000000003F020000000800FF000000000000000000000000000000000000000000000000000000003F020000000800FF000000000000000000000000000000000000000000000000000000003F020000000800FF000000000000000000000000000000000000000000000000000000003F020000000800FF000000000000000000000000000000000000000000000000000000003F020000000800FF000000000000000000000000000000000000000000000000000000003F020000000800FF000000000000000000000000000000000000000000000000000000003F020000000800FF000000000000000000000000000000000000000000000000000000003F020000000800FF000000000000000000000000000000000000000000000000000000003F020000000800FF000000000000000000000000000000000000000000000000000000003F020000000800FF000000000000000000000000000000000000000000000000000000003F020000000800FF000000000000000000000000000000000000000000000000000000003F0102000006006A000000000000000000000000000000000000000000000000000000003F020000000800FF000000000000000000000000000000000000000000000000000000003F020000000800FF000000000000000000000000000000000000000000000000000000003F020000000800FF000000000000000000000000000000000000000000000000000000003F020000000800FF000000000000000000000000000000000000000000000000000000003F020000000800FF000000000000000000000000000000000000000000000000000000003F020000000800FF000000000000000000000000000000000000000000000000000000003F020000000800FF000000000000000000000000000000000000000000000000000000003F020000000800FF000000000000000000000000000000000000000000000000000000003F020000000800FF000000000000000000000000000000000000000000000000000000003F020000000800FF000000000000000000000000000000000000000000000000000000003F020000000800FF000000000000000000000000000000000000000000000000000000003F020000000800FF000000000000000000000000000000000000000000000000000000003F020000000800FF000000000000000000000000000000000000000000000000000000003F020000000800FF000000000000000000000000000000000000000000000000000050001F000000000100E7000000000000000000000000000000000000000000000000000050001F000000000100CA000000000000000000000000000000000000000000000000000050001F000000000100E4000000000000000000000000000000000000000000000000000050001F000000000100CF000000000000000000000000000000000000000000000000000050001F000000000100BF000000000000000000000000000000000000000000000000000050001F000000000100CD000000000000000000000000000000000000000000000000000050001F000000000100E2000000000000000000000000000000000000000000000000000050001F000000000100C9000000000000000000000000000000000000000000000000000050001F000000000100E3000000000000000000000000000000000000000000000000000050001F000000000100D2000000000000000000000000000000000000000000000000000050001F000000000100D7000000000000000000000000000000000000000000000000000050001F000000000100C0000000000000000000000000000000000000000000000000000050001F000000000100D0000000000000000000000000000000000000000000000000000000003F020F000008002C000000000000000000000000000000000000000000000000000000003F020000000800FF000000000000000000000000000000000000000000000000000050001F000000000100D3000000000000000000000000000000000000000000000000000050001F000000000100DF000000000000000000000000000000000000000000000000000050001F000000000100DD000000000000000000000000000000000000000000000000000050001F000000000100CC000000000000000000000000000000000000000000000000000000003F020000000800FF00000000000000000000000000000000000000000000000000001E001F00060001030077000800000000000000000000000000000000000000000000000000003F02000000080006000000000000000000000000000000000000000000000000000000003F020000000800FF000000000000000000000000000000000000000000000000000000007F020900000800FF000000000000000000000000000000000000000000000000000000009F03000000010001010000000000000000000000000000000000000000000000000000009F03000000010002020000000000000000000000000000000000000000000000000000009F03000000010003030000000000000000000000000000000000000000000000000000009F03000000010004040000000000000000000000000000000000000000000000000000009F03000000010005050000000000000000000000000000000000000000000000000000009F03000000010006060000000000000000000000000000000000000000000000000000009F03000000010007070000000000000000000000000000000000000000000000000000009F03000000010008080000000000000000000000000000000000000000000000000000009F03000000010009090000000000000000000000000000000000000000000000000000009F0300000001000A0A0000000000000000000000000000000000000000000000000000009F0300000001000B0B0000000000000000000000000000000000000000000000000000009F0300000001000C0C0000000000000000000000000000000000000000000000000000009F0300000001000D0D0000000000000000000000000000000000000000000000000000009F0300000001000E0E0000000000000000000000000000000000000000000000000000009F0300000001000F0F0000000000000000000000000000000000000000000000000000009F03000000010010100000000000000000000000000000000000000000000000000000009F03000000010011110000000000000000000000000000000000000000000000000000009F03000000010012120000000000000000000000000000000000000000000000000000009F0300000001001313000000000000000000000000000000000000008813000000001E001F0000000002000500000000000000000000000000000000000000001027000000001E001F00000000020006000000000000000000000000000000000000000000000000000000003F02000000080004000000000000000000000000000000000000000000000000000000009F03000000010014140000000000000000000000000000000000000000000000000000009F03000000010015150000000000000000000000000000000000000000000000000000009F03000000010016160000000000000000000000000000000000000000000000000000009F03000000010017170000000000000000000000000000000000000000000000000000009F03000000010018180000000000000000000000000000000000000000000000000000009F03000000010019190000000000000000000000000000000000000000000000000000009F0300000001001A1A0000000000000000000000000000000000000000000000000000009F0300000001001B1B0000000000000000000000000000000000000000000000000000009F0300000001001C1C0000000000000000000000000000000000000000000000000000009F02010000010001010000000000000000000000000000000000000000000000000000009F02010000010002020000000000000000000000000000000000000000000000000000009F02010000010003030000000000000000000000000000000000000000000000000000009F02010000010004040000000000000000000000000000000000000000000000000000009F02010000010005050000000000000000000000000000000000000000000000000000009F02010000010006060000000000000000000000000000000000000000000000000000009F02010000010007070000000000000000000000000000000000000000000000000000009F02010000010008080000000000000000000000000000000000000000000000000000009F02010000010009090000000000000000000000000000000000000000000000000000009F0201000001000A0A0000000000000000000000000000000000000000000000000000009F0201000001000B0B0000000000000000000000000000000000000000000000000000009F0201000001000C0C0000000000000000000000000000000000000000000000000000009F0201000001000D0D0000000000000000000000000000000000000000000000000000009F0201000001000E0E0000000000000000000000000000000000000000000000000000009F0201000001000F0F0000000000000000000000000000000000000000000000000000009F02010000010010100000000000000000000000000000000000000000000000000000009F02010000010011110000000000000000000000000000000000000000000000000000009F02010000010012120000000000000000000000000000000000000000000000000000009F02010000010013130000000000000000000000000000000000000000000000000000009F02010000010014140000000000000000000000000000000000000000000000000000009F02010000010015150000000000000000000000000000000000000000000000000000009F02010000010016160000000000000000000000000000000000000000000000000000009F02010000010017170000000000000000000000000000000000000000000000000000009F02010000010018180000000000000000000000000000000000000000000000000000009F02010000010019190000000000000000000000000000000000000000000000000000009F0201000001001A1A0000000000000000000000000000000000000000000000000000009F0201000001001B1B0000000000000000000000000000000000000000000000000000009F0201000001001C1C0000000000000000000000000000000000000000000000000000009F0201000001001D1D0000000000000000000000000000000000000000000000000000009F0300000001001D1D0000000000000000000000000000000000000000000000000000009F0201000001001D030000000000000000000000000000000000000000000000000000001F000000000100FF030000000000000000000000000000000000000000000000000000003F020000000800FF000000000000000000000000000000000000000000000000000000003F020000000800FF000000000000000000000000000000000000000000000000000000003F0200000008001F000000000000000000000000000000000000000000000000000000003F02000000080020000000000000000000000000000000000000000000000000000000003F02000000080021000000000000000000000000000000000000000001000000000000001F00000000020007000000000000000000000000000000000000000000000000000000003F0200000008000900000000000000000000000000000000000000001E00B70000001E001F1000000103010B000000000000000000000000000000000000000000000000000000003F0208000008000A000000000000000000000000000000000000000000000000000000003F020000000800FF00000000000000000000000000000000000000002C01000000001E001F0006000102004B000800000000000000000000000000000000000000000000000000003F0200000008000200000000000000000000000000000000000000002C010000000000001F0800010204001919000000000000000000000000000000000000008C00000000001E009F400102010000213F000000000000000000000000000000000000001E00000000000A001F000F00000200AB00000000000000000000000000000000000000001E00000000000A001F000F00000200AC00000000000000000000000000000000000000001E00000000000A001F000F00000200AD00000000000000000000000000000000000000001E00000000000A001F000F00000200AE000000000000000000000000000000000000000000000000000000003F02000000080007000000000000000000000000000000000000000000000000000000003F02000000080008000000000000000000000000000000000000000000000000000000003F0200000008001E000000000000000000000000000000000000000000000000000000003F02000000080022000000000000000000000000000000000000000000000000000000001F020000000800FF000000000000000000000000000000000000000000000000000000001F020000000800FF000000000000000000000000000000000000000000000000000000001F020000000800FF000000000000000000000000000000000000000000000000000000001F020000000800FF000000000000000000000000000000000000000000000000000000001F020000000800FF000000000000000000000000000000000000000000000000000000001F020000000800FF000000000000000000000000000000000000000000000000000000001F020000000800FF000000000000000000000000000000000000000000000000000000001F020000000800FF000000000000000000000000000000000000000000000000000000001F020000000800FF000000000000000000000000000000000000000000000000000000001F020000000800FF000000000000000000000000000000000000000000000000000000001F020000000800FF000000000000000000000000000000000000000000000000000000001F020000000800FF000000000000000000000000000000000000000000000000000000001F020000000800FF000000000000000000000000000000000000000000000000000000001F020000000800FF000000000000000000000000000000000000000000000000000000001F020000000800FF000000000000000000000000000000000000000000000000000000001F020000000800FF000000000000000000000000000000000000000000000000000000001F020000000800FF000000000000000000000000000000000000000000000000000000001F020000000800FF0000000000000000000000000000000000000000F401B80000003C001F000000000100700000000000000000000000000000000000000000C409B90000001E001F0000000001007100000000000000000000000000000000000000005000BA0000000A001F0000000001017200000000000000000000000000000000000000005000BB0000000A001F0000000001017300000000000000000000000000000000000000005000BC0000000A001F0000000001017400000000000000000000000000000000000000005000BD0000000A001F00000000010175000000000000000000000000000000000000000000000000000000001F000000000200FF000000000000000000000000000000000000000000000000000000001F000000000200FF000000000000000000000000000000000000000000000000000000001F000000000200FF000000000000000000000000000000000000000000000000000000001F000000000200FF000000000000000000000000000000000000000000000000000000001F000000000200FF000000000000000000000000000000000000000000000000000000001F000000000200FF000000000000000000000000000000000000000000000000000000001F000000000200FF000000000000000000000000000000000000000000000000000000001F000000000200FF000000000000000000000000000000000000000000000000000000001F000000000200FF000000000000000000000000000000000000000000000000000000001F000000000200FF000000000000000000000000000000000000000000000000000000001F000000000200FF000000000000000000000000000000000000000000000000000000001F000000000200FF000000000000000000000000000000000000000000000000000000001F000000000200FF000000000000000000000000000000000000000000000000000000001F000000000200FF000000000000000000000000000000000000000000000000000000009F400102010000FF000000000000000000000000000000000000000000000000000000009F400102010000FF000000000000000000000000000000000000000000000000000000009F400102010000FF000000000000000000000000000000000000000000000000000000009F400102010000FF000000000000000000000000000000000000000000000000000000009F400102010000FF000000000000000000000000000000000000000064008200000032001F000600010100AA000800000000000000000000000000000000000064008500000032001F000600010100AD000800000000000000000000000000000000000064008300000032001F000600010100AB000800000000000000000000000000000000000064008400000032001F000600010100AC000800000000000000000000000000000000000064008800000032001F000600010100B0000800000000000000000000000000000000000064008700000032001F000600010100AF000800000000000000000000000000000000000064008900000032001F000600010100B10008000000000000000000000000000000000000 | D2: x
