Workbook

Sheet Table locations and sizes
B1: Code Location | I1: Table Data
B2: Original | C2: Post-Load (Ghidra) | D2: Original Entry Param Address | E2: Entry Param Address | F2: # entries | G2: Logic | H2: Edited | I2: Original | J2: Post-Load (Ghidra) | K2: Edited
A3: Field Items | B3: =DEC2HEX(HEX2DEC(C3)-HEX2DEC("6dd000"),8) -> 00084990 | C3: 00761990 | D3: 0008497C | E3: 12B88 | F3: D | G3: eq | H3: E | K3: 00021F8C | N3: item count: | O3: 259
E4: 12BCC | F4: D | G4: bcc | H4: E
G13: 0x0000012C | K13: 2D8 | L13: =HEX2DEC(K13) -> 728
E14: #relocation patches | F14: Hex | G14: Little-Endian | K14: 2D0 | L14: =HEX2DEC(K14) -> 720
A15: =DEC2HEX(MAX('Custom Relocation Patches'!L:L),8) -> 00021D34 | E15: =(MAX('Custom Relocation Patches'!L:L)-Data!F6+12)/12 -> 529 | F15: =DEC2HEX(E15,8) -> 00000211 | G15: =MID(F15,7,2)&MID(F15,5,2)&MID(F15,3,2)&MID(F15,1,2) -> 11020000 | K15: 003F | L15: =HEX2DEC(K15) -> 63
B17: Hex | C17: Dec
A18: Original Number | B18: 210 | C18: =HEX2DEC(B18) -> 528 | N18: =HEX2DEC(O18) -> 234 | O18: ea
A19: New | B19: =DEC2HEX(C19,4) -> 0001 | C19: =E15-C18 -> 1 | N19: =HEX2DEC(O19) -> 224 | O19: e0
A20: % Total | C20: =C19/E15 -> 0.0018903592 | N20: =N18-N19 -> 10
A21: % increase | C21: =C19/C18 -> 0.0018939394

Sheet Custom Relocation Patches
A1: Category | B1: Specific | C1: Target | D1: Patch Address | E1: Write-to | F1: Pointer | G1: Output | H1: .bss | I1: word 1 | J1: word 2 | K1: word 3 | L1: Dec Patch address for sorting | M1: dec write | N1: dec point | O1: Write Segment | P1: Pointer Segment | R1: =DEC2HEX(MAX(L:L)+12,8) -> 00021D40 | S1: =HEX2DEC(103974) -> 1063284
A2: Function Pointer | B2: Toggle Vs Seeker | D2: 00021D34 | E2: 0002302C | F2: 00015EB8 | G2: {=_xlfn.CONCAT(IFERROR(I2:K2,""))} -> 822F000002000000385D0100 | I2: =_xlfn.LET(_xlpm.big,DEC2HEX(_xlfn.BITLSHIFT(M2-_xlfn.XLOOKUP(O2,Data!A:A,Data!F:F),4)+O2,8),_xlfn.CONCAT(MID(_xlpm.big,7,2),MID(_xlpm.big,5,2),MID(_xlpm.big,3,2),MID(_xlpm.big,1,2))) -> 822F0000 | J2: =_xlfn.CONCAT("02",DEC2HEX(P2,2),"0000") -> 02000000 | K2: =_xlfn.LET(_xlpm.big,IF(H2,DEC2HEX(HEX2DEC(F2),8),DEC2HEX(N2-_xlfn.XLOOKUP(P2,Data!A:A,Data!F:F),8)),_xlfn.CONCAT(MID(_xlpm.big,7,2),MID(_xlpm.big,5,2),MID(_xlpm.big,3,2),MID(_xlpm.big,1,2))) -> 385D0100 | L2: =HEX2DEC(D2) -> 138548 | M2: =HEX2DEC(E2) -> 143404 | N2: =HEX2DEC(F2) -> 89784 | O2: {=_xlfn.IFS(M2<Data!$F$3,0,M2<Data!$F$4,1,TRUE,2)} -> 2 | P2: {=_xlfn.IFS(H2,3,N2<Data!$F$3,0,N2<Data!$F$4,1,TRUE,2)} -> 0
G3: {=_xlfn.CONCAT(IFERROR(I3:K3,""))} -> 02000000FEFFFFFF | I3: =_xlfn.LET(_xlpm.big,DEC2HEX(_xlfn.BITLSHIFT(M3-_xlfn.XLOOKUP(O3,Data!A:A,Data!F:F),4)+O3,8),_xlfn.CONCAT(MID(_xlpm.big,7,2),MID(_xlpm.big,5,2),MID(_xlpm.big,3,2),MID(_xlpm.big,1,2))) -> #NUM! | J3: =_xlfn.CONCAT("02",DEC2HEX(P3,2),"0000") -> 02000000 | K3: =_xlfn.LET(_xlpm.big,IF(H3,DEC2HEX(HEX2DEC(F3),8),DEC2HEX(N3-_xlfn.XLOOKUP(P3,Data!A:A,Data!F:F),8)),_xlfn.CONCAT(MID(_xlpm.big,7,2),MID(_xlpm.big,5,2),MID(_xlpm.big,3,2),MID(_xlpm.big,1,2))) -> FEFFFFFF | L3: =HEX2DEC(D3) -> 0 | M3: =HEX2DEC(E3) -> 0 | N3: =HEX2DEC(F3) -> 0 | O3: {=_xlfn.IFS(M3<Data!$F$3,0,M3<Data!$F$4,1,TRUE,2)} -> 0 | P3: {=_xlfn.IFS(H3,3,N3<Data!$F$3,0,N3<Data!$F$4,1,TRUE,2)} -> 0
G4: {=_xlfn.CONCAT(IFERROR(I4:K4,""))} -> 02000000FEFFFFFF | I4: =_xlfn.LET(_xlpm.big,DEC2HEX(_xlfn.BITLSHIFT(M4-_xlfn.XLOOKUP(O4,Data!A:A,Data!F:F),4)+O4,8),_xlfn.CONCAT(MID(_xlpm.big,7,2),MID(_xlpm.big,5,2),MID(_xlpm.big,3,2),MID(_xlpm.big,1,2))) -> #NUM! | J4: =_xlfn.CONCAT("02",DEC2HEX(P4,2),"0000") -> 02000000 | K4: =_xlfn.LET(_xlpm.big,IF(H4,DEC2HEX(HEX2DEC(F4),8),DEC2HEX(N4-_xlfn.XLOOKUP(P4,Data!A:A,Data!F:F),8)),_xlfn.CONCAT(MID(_xlpm.big,7,2),MID(_xlpm.big,5,2),MID(_xlpm.big,3,2),MID(_xlpm.big,1,2))) -> FEFFFFFF | L4: =HEX2DEC(D4) -> 0 | M4: =HEX2DEC(E4) -> 0 | N4: =HEX2DEC(F4) -> 0 | O4: {=_xlfn.IFS(M4<Data!$F$3,0,M4<Data!$F$4,1,TRUE,2)} -> 0 | P4: {=_xlfn.IFS(H4,3,N4<Data!$F$3,0,N4<Data!$F$4,1,TRUE,2)} -> 0
G5: {=_xlfn.CONCAT(IFERROR(I5:K5,""))} -> 02000000FEFFFFFF | I5: =_xlfn.LET(_xlpm.big,DEC2HEX(_xlfn.BITLSHIFT(M5-_xlfn.XLOOKUP(O5,Data!A:A,Data!F:F),4)+O5,8),_xlfn.CONCAT(MID(_xlpm.big,7,2),MID(_xlpm.big,5,2),MID(_xlpm.big,3,2),MID(_xlpm.big,1,2))) -> #NUM! | J5: =_xlfn.CONCAT("02",DEC2HEX(P5,2),"0000") -> 02000000 | K5: =_xlfn.LET(_xlpm.big,IF(H5,DEC2HEX(HEX2DEC(F5),8),DEC2HEX(N5-_xlfn.XLOOKUP(P5,Data!A:A,Data!F:F),8)),_xlfn.CONCAT(MID(_xlpm.big,7,2),MID(_xlpm.big,5,2),MID(_xlpm.big,3,2),MID(_xlpm.big,1,2))) -> FEFFFFFF | L5: =HEX2DEC(D5) -> 0 | M5: =HEX2DEC(E5) -> 0 | N5: =HEX2DEC(F5) -> 0 | O5: {=_xlfn.IFS(M5<Data!$F$3,0,M5<Data!$F$4,1,TRUE,2)} -> 0 | P5: {=_xlfn.IFS(H5,3,N5<Data!$F$3,0,N5<Data!$F$4,1,TRUE,2)} -> 0
G6: {=_xlfn.CONCAT(IFERROR(I6:K6,""))} -> 02000000FEFFFFFF | I6: =_xlfn.LET(_xlpm.big,DEC2HEX(_xlfn.BITLSHIFT(M6-_xlfn.XLOOKUP(O6,Data!A:A,Data!F:F),4)+O6,8),_xlfn.CONCAT(MID(_xlpm.big,7,2),MID(_xlpm.big,5,2),MID(_xlpm.big,3,2),MID(_xlpm.big,1,2))) -> #NUM! | J6: =_xlfn.CONCAT("02",DEC2HEX(P6,2),"0000") -> 02000000 | K6: =_xlfn.LET(_xlpm.big,IF(H6,DEC2HEX(HEX2DEC(F6),8),DEC2HEX(N6-_xlfn.XLOOKUP(P6,Data!A:A,Data!F:F),8)),_xlfn.CONCAT(MID(_xlpm.big,7,2),MID(_xlpm.big,5,2),MID(_xlpm.big,3,2),MID(_xlpm.big,1,2))) -> FEFFFFFF | L6: =HEX2DEC(D6) -> 0 | M6: =HEX2DEC(E6) -> 0 | N6: =HEX2DEC(F6) -> 0 | O6: {=_xlfn.IFS(M6<Data!$F$3,0,M6<Data!$F$4,1,TRUE,2)} -> 0 | P6: {=_xlfn.IFS(H6,3,N6<Data!$F$3,0,N6<Data!$F$4,1,TRUE,2)} -> 0
G7: {=_xlfn.CONCAT(IFERROR(I7:K7,""))} -> 02000000FEFFFFFF | I7: =_xlfn.LET(_xlpm.big,DEC2HEX(_xlfn.BITLSHIFT(M7-_xlfn.XLOOKUP(O7,Data!A:A,Data!F:F),4)+O7,8),_xlfn.CONCAT(MID(_xlpm.big,7,2),MID(_xlpm.big,5,2),MID(_xlpm.big,3,2),MID(_xlpm.big,1,2))) -> #NUM! | J7: =_xlfn.CONCAT("02",DEC2HEX(P7,2),"0000") -> 02000000 | K7: =_xlfn.LET(_xlpm.big,IF(H7,DEC2HEX(HEX2DEC(F7),8),DEC2HEX(N7-_xlfn.XLOOKUP(P7,Data!A:A,Data!F:F),8)),_xlfn.CONCAT(MID(_xlpm.big,7,2),MID(_xlpm.big,5,2),MID(_xlpm.big,3,2),MID(_xlpm.big,1,2))) -> FEFFFFFF | L7: =HEX2DEC(D7) -> 0 | M7: =HEX2DEC(E7) -> 0 | N7: =HEX2DEC(F7) -> 0 | O7: {=_xlfn.IFS(M7<Data!$F$3,0,M7<Data!$F$4,1,TRUE,2)} -> 0 | P7: {=_xlfn.IFS(H7,3,N7<Data!$F$3,0,N7<Data!$F$4,1,TRUE,2)} -> 0
G8: {=_xlfn.CONCAT(IFERROR(I8:K8,""))} -> 02000000FEFFFFFF | I8: =_xlfn.LET(_xlpm.big,DEC2HEX(_xlfn.BITLSHIFT(M8-_xlfn.XLOOKUP(O8,Data!A:A,Data!F:F),4)+O8,8),_xlfn.CONCAT(MID(_xlpm.big,7,2),MID(_xlpm.big,5,2),MID(_xlpm.big,3,2),MID(_xlpm.big,1,2))) -> #NUM! | J8: =_xlfn.CONCAT("02",DEC2HEX(P8,2),"0000") -> 02000000 | K8: =_xlfn.LET(_xlpm.big,IF(H8,DEC2HEX(HEX2DEC(F8),8),DEC2HEX(N8-_xlfn.XLOOKUP(P8,Data!A:A,Data!F:F),8)),_xlfn.CONCAT(MID(_xlpm.big,7,2),MID(_xlpm.big,5,2),MID(_xlpm.big,3,2),MID(_xlpm.big,1,2))) -> FEFFFFFF | L8: =HEX2DEC(D8) -> 0 | M8: =HEX2DEC(E8) -> 0 | N8: =HEX2DEC(F8) -> 0 | O8: {=_xlfn.IFS(M8<Data!$F$3,0,M8<Data!$F$4,1,TRUE,2)} -> 0 | P8: {=_xlfn.IFS(H8,3,N8<Data!$F$3,0,N8<Data!$F$4,1,TRUE,2)} -> 0
G9: {=_xlfn.CONCAT(IFERROR(I9:K9,""))} -> 02000000FEFFFFFF | I9: =_xlfn.LET(_xlpm.big,DEC2HEX(_xlfn.BITLSHIFT(M9-_xlfn.XLOOKUP(O9,Data!A:A,Data!F:F),4)+O9,8),_xlfn.CONCAT(MID(_xlpm.big,7,2),MID(_xlpm.big,5,2),MID(_xlpm.big,3,2),MID(_xlpm.big,1,2))) -> #NUM! | J9: =_xlfn.CONCAT("02",DEC2HEX(P9,2),"0000") -> 02000000 | K9: =_xlfn.LET(_xlpm.big,IF(H9,DEC2HEX(HEX2DEC(F9),8),DEC2HEX(N9-_xlfn.XLOOKUP(P9,Data!A:A,Data!F:F),8)),_xlfn.CONCAT(MID(_xlpm.big,7,2),MID(_xlpm.big,5,2),MID(_xlpm.big,3,2),MID(_xlpm.big,1,2))) -> FEFFFFFF | L9: =HEX2DEC(D9) -> 0 | M9: =HEX2DEC(E9) -> 0 | N9: =HEX2DEC(F9) -> 0 | O9: {=_xlfn.IFS(M9<Data!$F$3,0,M9<Data!$F$4,1,TRUE,2)} -> 0 | P9: {=_xlfn.IFS(H9,3,N9<Data!$F$3,0,N9<Data!$F$4,1,TRUE,2)} -> 0
G10: {=_xlfn.CONCAT(IFERROR(I10:K10,""))} -> 02000000FEFFFFFF | I10: =_xlfn.LET(_xlpm.big,DEC2HEX(_xlfn.BITLSHIFT(M10-_xlfn.XLOOKUP(O10,Data!A:A,Data!F:F),4)+O10,8),_xlfn.CONCAT(MID(_xlpm.big,7,2),MID(_xlpm.big,5,2),MID(_xlpm.big,3,2),MID(_xlpm.big,1,2))) -> #NUM! | J10: =_xlfn.CONCAT("02",DEC2HEX(P10,2),"0000") -> 02000000 | K10: =_xlfn.LET(_xlpm.big,IF(H10,DEC2HEX(HEX2DEC(F10),8),DEC2HEX(N10-_xlfn.XLOOKUP(P10,Data!A:A,Data!F:F),8)),_xlfn.CONCAT(MID(_xlpm.big,7,2),MID(_xlpm.big,5,2),MID(_xlpm.big,3,2),MID(_xlpm.big,1,2))) -> FEFFFFFF | L10: =HEX2DEC(D10) -> 0 | M10: =HEX2DEC(E10) -> 0 | N10: =HEX2DEC(F10) -> 0 | O10: {=_xlfn.IFS(M10<Data!$F$3,0,M10<Data!$F$4,1,TRUE,2)} -> 0 | P10: {=_xlfn.IFS(H10,3,N10<Data!$F$3,0,N10<Data!$F$4,1,TRUE,2)} -> 0
G11: {=_xlfn.CONCAT(IFERROR(I11:K11,""))} -> 02000000FEFFFFFF | I11: =_xlfn.LET(_xlpm.big,DEC2HEX(_xlfn.BITLSHIFT(M11-_xlfn.XLOOKUP(O11,Data!A:A,Data!F:F),4)+O11,8),_xlfn.CONCAT(MID(_xlpm.big,7,2),MID(_xlpm.big,5,2),MID(_xlpm.big,3,2),MID(_xlpm.big,1,2))) -> #NUM! | J11: =_xlfn.CONCAT("02",DEC2HEX(P11,2),"0000") -> 02000000 | K11: =_xlfn.LET(_xlpm.big,IF(H11,DEC2HEX(HEX2DEC(F11),8),DEC2HEX(N11-_xlfn.XLOOKUP(P11,Data!A:A,Data!F:F),8)),_xlfn.CONCAT(MID(_xlpm.big,7,2),MID(_xlpm.big,5,2),MID(_xlpm.big,3,2),MID(_xlpm.big,1,2))) -> FEFFFFFF | L11: =HEX2DEC(D11) -> 0 | M11: =HEX2DEC(E11) -> 0 | N11: =HEX2DEC(F11) -> 0 | O11: {=_xlfn.IFS(M11<Data!$F$3,0,M11<Data!$F$4,1,TRUE,2)} -> 0 | P11: {=_xlfn.IFS(H11,3,N11<Data!$F$3,0,N11<Data!$F$4,1,TRUE,2)} -> 0
G12: {=_xlfn.CONCAT(IFERROR(I12:K12,""))} -> 02000000FEFFFFFF | I12: =_xlfn.LET(_xlpm.big,DEC2HEX(_xlfn.BITLSHIFT(M12-_xlfn.XLOOKUP(O12,Data!A:A,Data!F:F),4)+O12,8),_xlfn.CONCAT(MID(_xlpm.big,7,2),MID(_xlpm.big,5,2),MID(_xlpm.big,3,2),MID(_xlpm.big,1,2))) -> #NUM! | J12: =_xlfn.CONCAT("02",DEC2HEX(P12,2),"0000") -> 02000000 | K12: =_xlfn.LET(_xlpm.big,IF(H12,DEC2HEX(HEX2DEC(F12),8),DEC2HEX(N12-_xlfn.XLOOKUP(P12,Data!A:A,Data!F:F),8)),_xlfn.CONCAT(MID(_xlpm.big,7,2),MID(_xlpm.big,5,2),MID(_xlpm.big,3,2),MID(_xlpm.big,1,2))) -> FEFFFFFF | L12: =HEX2DEC(D12) -> 0 | M12: =HEX2DEC(E12) -> 0 | N12: =HEX2DEC(F12) -> 0 | O12: {=_xlfn.IFS(M12<Data!$F$3,0,M12<Data!$F$4,1,TRUE,2)} -> 0 | P12: {=_xlfn.IFS(H12,3,N12<Data!$F$3,0,N12<Data!$F$4,1,TRUE,2)} -> 0
G13: {=_xlfn.CONCAT(IFERROR(I13:K13,""))} -> 02000000FEFFFFFF | I13: =_xlfn.LET(_xlpm.big,DEC2HEX(_xlfn.BITLSHIFT(M13-_xlfn.XLOOKUP(O13,Data!A:A,Data!F:F),4)+O13,8),_xlfn.CONCAT(MID(_xlpm.big,7,2),MID(_xlpm.big,5,2),MID(_xlpm.big,3,2),MID(_xlpm.big,1,2))) -> #NUM! | J13: =_xlfn.CONCAT("02",DEC2HEX(P13,2),"0000") -> 02000000 | K13: =_xlfn.LET(_xlpm.big,IF(H13,DEC2HEX(HEX2DEC(F13),8),DEC2HEX(N13-_xlfn.XLOOKUP(P13,Data!A:A,Data!F:F),8)),_xlfn.CONCAT(MID(_xlpm.big,7,2),MID(_xlpm.big,5,2),MID(_xlpm.big,3,2),MID(_xlpm.big,1,2))) -> FEFFFFFF | L13: =HEX2DEC(D13) -> 0 | M13: =HEX2DEC(E13) -> 0 | N13: =HEX2DEC(F13) -> 0 | O13: {=_xlfn.IFS(M13<Data!$F$3,0,M13<Data!$F$4,1,TRUE,2)} -> 0 | P13: {=_xlfn.IFS(H13,3,N13<Data!$F$3,0,N13<Data!$F$4,1,TRUE,2)} -> 0
G14: {=_xlfn.CONCAT(IFERROR(I14:K14,""))} -> 02000000FEFFFFFF | I14: =_xlfn.LET(_xlpm.big,DEC2HEX(_xlfn.BITLSHIFT(M14-_xlfn.XLOOKUP(O14,Data!A:A,Data!F:F),4)+O14,8),_xlfn.CONCAT(MID(_xlpm.big,7,2),MID(_xlpm.big,5,2),MID(_xlpm.big,3,2),MID(_xlpm.big,1,2))) -> #NUM! | J14: =_xlfn.CONCAT("02",DEC2HEX(P14,2),"0000") -> 02000000 | K14: =_xlfn.LET(_xlpm.big,IF(H14,DEC2HEX(HEX2DEC(F14),8),DEC2HEX(N14-_xlfn.XLOOKUP(P14,Data!A:A,Data!F:F),8)),_xlfn.CONCAT(MID(_xlpm.big,7,2),MID(_xlpm.big,5,2),MID(_xlpm.big,3,2),MID(_xlpm.big,1,2))) -> FEFFFFFF | L14: =HEX2DEC(D14) -> 0 | M14: =HEX2DEC(E14) -> 0 | N14: =HEX2DEC(F14) -> 0 | O14: {=_xlfn.IFS(M14<Data!$F$3,0,M14<Data!$F$4,1,TRUE,2)} -> 0 | P14: {=_xlfn.IFS(H14,3,N14<Data!$F$3,0,N14<Data!$F$4,1,TRUE,2)} -> 0
... G127: {=_xlfn.CONCAT(IFERROR(I127:K127,""))} -> 02000000FEFFFFFF | I127: =_xlfn.LET(_xlpm.big,DEC2HEX(_xlfn.BITLSHIFT(M127-_xlfn.XLOOKUP(O127,Data!A:A,Data!F:F),4)+O127,8),_xlfn.CONCAT(MID(_xlpm.big,7,2),MID(_xlpm.big,5,2),MID(_xlpm.big,3,2),MID(_xlpm.big,1,2))) -> #NUM! | J127: =_xlfn.CONCAT("02",DEC2HEX(P127,2),"0000") -> 02000000 | K127: =_xlfn.LET(_xlpm.big,IF(H127,DEC2HEX(HEX2DEC(F127),8),DEC2HEX(N127-_xlfn.XLOOKUP(P127,Data!A:A,Data!F:F),8)),_xlfn.CONCAT(MID(_xlpm.big,7,2),MID(_xlpm.big,5,2),MID(_xlpm.big,3,2),MID(_xlpm.big,1,2))) -> FEFFFFFF | L127: =HEX2DEC(D127) -> 0 | M127: =HEX2DEC(E127) -> 0 | N127: =HEX2DEC(F127) -> 0 | O127: {=_xlfn.IFS(M127<Data!$F$3,0,M127<Data!$F$4,1,TRUE,2)} -> 0 | P127: {=_xlfn.IFS(H127,3,N127<Data!$F$3,0,N127<Data!$F$4,1,TRUE,2)} -> 0
G128: {=_xlfn.CONCAT(IFERROR(I128:K128,""))} -> 0203000000000000 | H128: TRUE | I128: =_xlfn.LET(_xlpm.big,DEC2HEX(_xlfn.BITLSHIFT(M128-_xlfn.XLOOKUP(O128,Data!A:A,Data!F:F),4)+O128,8),_xlfn.CONCAT(MID(_xlpm.big,7,2),MID(_xlpm.big,5,2),MID(_xlpm.big,3,2),MID(_xlpm.big,1,2))) -> #NUM! | J128: =_xlfn.CONCAT("02",DEC2HEX(P128,2),"0000") -> 02030000 | K128: =_xlfn.LET(_xlpm.big,IF(H128,DEC2HEX(HEX2DEC(F128),8),DEC2HEX(N128-_xlfn.XLOOKUP(P128,Data!A:A,Data!F:F),8)),_xlfn.CONCAT(MID(_xlpm.big,7,2),MID(_xlpm.big,5,2),MID(_xlpm.big,3,2),MID(_xlpm.big,1,2))) -> 00000000 | L128: =HEX2DEC(D128) -> 0 | M128: =HEX2DEC(E128) -> 0 | N128: =HEX2DEC(F128) -> 0 | O128: {=_xlfn.IFS(M128<Data!$F$3,0,M128<Data!$F$4,1,TRUE,2)} -> 0 | P128: {=_xlfn.IFS(H128,3,N128<Data!$F$3,0,N128<Data!$F$4,1,TRUE,2)} -> 3
G129: {=_xlfn.CONCAT(IFERROR(I129:K129,""))} -> 02000000FEFFFFFF | I129: =_xlfn.LET(_xlpm.big,DEC2HEX(_xlfn.BITLSHIFT(M129-_xlfn.XLOOKUP(O129,Data!A:A,Data!F:F),4)+O129,8),_xlfn.CONCAT(MID(_xlpm.big,7,2),MID(_xlpm.big,5,2),MID(_xlpm.big,3,2),MID(_xlpm.big,1,2))) -> #NUM! | J129: =_xlfn.CONCAT("02",DEC2HEX(P129,2),"0000") -> 02000000 | K129: =_xlfn.LET(_xlpm.big,IF(H129,DEC2HEX(HEX2DEC(F129),8),DEC2HEX(N129-_xlfn.XLOOKUP(P129,Data!A:A,Data!F:F),8)),_xlfn.CONCAT(MID(_xlpm.big,7,2),MID(_xlpm.big,5,2),MID(_xlpm.big,3,2),MID(_xlpm.big,1,2))) -> FEFFFFFF | L129: =HEX2DEC(D129) -> 0 | M129: =HEX2DEC(E129) -> 0 | N129: =HEX2DEC(F129) -> 0 | O129: {=_xlfn.IFS(M129<Data!$F$3,0,M129<Data!$F$4,1,TRUE,2)} -> 0 | P129: {=_xlfn.IFS(H129,3,N129<Data!$F$3,0,N129<Data!$F$4,1,TRUE,2)} -> 0
G130: {=_xlfn.CONCAT(IFERROR(I130:K130,""))} -> 02000000FEFFFFFF | I130: =_xlfn.LET(_xlpm.big,DEC2HEX(_xlfn.BITLSHIFT(M130-_xlfn.XLOOKUP(O130,Data!A:A,Data!F:F),4)+O130,8),_xlfn.CONCAT(MID(_xlpm.big,7,2),MID(_xlpm.big,5,2),MID(_xlpm.big,3,2),MID(_xlpm.big,1,2))) -> #NUM! | J130: =_xlfn.CONCAT("02",DEC2HEX(P130,2),"0000") -> 02000000 | K130: =_xlfn.LET(_xlpm.big,IF(H130,DEC2HEX(HEX2DEC(F130),8),DEC2HEX(N130-_xlfn.XLOOKUP(P130,Data!A:A,Data!F:F),8)),_xlfn.CONCAT(MID(_xlpm.big,7,2),MID(_xlpm.big,5,2),MID(_xlpm.big,3,2),MID(_xlpm.big,1,2))) -> FEFFFFFF | L130: =HEX2DEC(D130) -> 0 | M130: =HEX2DEC(E130) -> 0 | N130: =HEX2DEC(F130) -> 0 | O130: {=_xlfn.IFS(M130<Data!$F$3,0,M130<Data!$F$4,1,TRUE,2)} -> 0 | P130: {=_xlfn.IFS(H130,3,N130<Data!$F$3,0,N130<Data!$F$4,1,TRUE,2)} -> 0
G131: {=_xlfn.CONCAT(IFERROR(I131:K131,""))} -> 02000000FEFFFFFF | I131: =_xlfn.LET(_xlpm.big,DEC2HEX(_xlfn.BITLSHIFT(M131-_xlfn.XLOOKUP(O131,Data!A:A,Data!F:F),4)+O131,8),_xlfn.CONCAT(MID(_xlpm.big,7,2),MID(_xlpm.big,5,2),MID(_xlpm.big,3,2),MID(_xlpm.big,1,2))) -> #NUM! | J131: =_xlfn.CONCAT("02",DEC2HEX(P131,2),"0000") -> 02000000 | K131: =_xlfn.LET(_xlpm.big,IF(H131,DEC2HEX(HEX2DEC(F131),8),DEC2HEX(N131-_xlfn.XLOOKUP(P131,Data!A:A,Data!F:F),8)),_xlfn.CONCAT(MID(_xlpm.big,7,2),MID(_xlpm.big,5,2),MID(_xlpm.big,3,2),MID(_xlpm.big,1,2))) -> FEFFFFFF | L131: =HEX2DEC(D131) -> 0 | M131: =HEX2DEC(E131) -> 0 | N131: =HEX2DEC(F131) -> 0 | O131: {=_xlfn.IFS(M131<Data!$F$3,0,M131<Data!$F$4,1,TRUE,2)} -> 0 | P131: {=_xlfn.IFS(H131,3,N131<Data!$F$3,0,N131<Data!$F$4,1,TRUE,2)} -> 0
G132: {=_xlfn.CONCAT(IFERROR(I132:K132,""))} -> 02000000FEFFFFFF | I132: =_xlfn.LET(_xlpm.big,DEC2HEX(_xlfn.BITLSHIFT(M132-_xlfn.XLOOKUP(O132,Data!A:A,Data!F:F),4)+O132,8),_xlfn.CONCAT(MID(_xlpm.big,7,2),MID(_xlpm.big,5,2),MID(_xlpm.big,3,2),MID(_xlpm.big,1,2))) -> #NUM! | J132: =_xlfn.CONCAT("02",DEC2HEX(P132,2),"0000") -> 02000000 | K132: =_xlfn.LET(_xlpm.big,IF(H132,DEC2HEX(HEX2DEC(F132),8),DEC2HEX(N132-_xlfn.XLOOKUP(P132,Data!A:A,Data!F:F),8)),_xlfn.CONCAT(MID(_xlpm.big,7,2),MID(_xlpm.big,5,2),MID(_xlpm.big,3,2),MID(_xlpm.big,1,2))) -> FEFFFFFF | L132: =HEX2DEC(D132) -> 0 | M132: =HEX2DEC(E132) -> 0 | N132: =HEX2DEC(F132) -> 0 | O132: {=_xlfn.IFS(M132<Data!$F$3,0,M132<Data!$F$4,1,TRUE,2)} -> 0 | P132: {=_xlfn.IFS(H132,3,N132<Data!$F$3,0,N132<Data!$F$4,1,TRUE,2)} -> 0
G133: {=_xlfn.CONCAT(IFERROR(I133:K133,""))} -> 02000000FEFFFFFF | I133: =_xlfn.LET(_xlpm.big,DEC2HEX(_xlfn.BITLSHIFT(M133-_xlfn.XLOOKUP(O133,Data!A:A,Data!F:F),4)+O133,8),_xlfn.CONCAT(MID(_xlpm.big,7,2),MID(_xlpm.big,5,2),MID(_xlpm.big,3,2),MID(_xlpm.big,1,2))) -> #NUM! | J133: =_xlfn.CONCAT("02",DEC2HEX(P133,2),"0000") -> 02000000 | K133: =_xlfn.LET(_xlpm.big,IF(H133,DEC2HEX(HEX2DEC(F133),8),DEC2HEX(N133-_xlfn.XLOOKUP(P133,Data!A:A,Data!F:F),8)),_xlfn.CONCAT(MID(_xlpm.big,7,2),MID(_xlpm.big,5,2),MID(_xlpm.big,3,2),MID(_xlpm.big,1,2))) -> FEFFFFFF | L133: =HEX2DEC(D133) -> 0 | M133: =HEX2DEC(E133) -> 0 | N133: =HEX2DEC(F133) -> 0 | O133: {=_xlfn.IFS(M133<Data!$F$3,0,M133<Data!$F$4,1,TRUE,2)} -> 0 | P133: {=_xlfn.IFS(H133,3,N133<Data!$F$3,0,N133<Data!$F$4,1,TRUE,2)} -> 0
G134: {=_xlfn.CONCAT(IFERROR(I134:K134,""))} -> 02000000FEFFFFFF | I134: =_xlfn.LET(_xlpm.big,DEC2HEX(_xlfn.BITLSHIFT(M134-_xlfn.XLOOKUP(O134,Data!A:A,Data!F:F),4)+O134,8),_xlfn.CONCAT(MID(_xlpm.big,7,2),MID(_xlpm.big,5,2),MID(_xlpm.big,3,2),MID(_xlpm.big,1,2))) -> #NUM! | J134: =_xlfn.CONCAT("02",DEC2HEX(P134,2),"0000") -> 02000000 | K134: =_xlfn.LET(_xlpm.big,IF(H134,DEC2HEX(HEX2DEC(F134),8),DEC2HEX(N134-_xlfn.XLOOKUP(P134,Data!A:A,Data!F:F),8)),_xlfn.CONCAT(MID(_xlpm.big,7,2),MID(_xlpm.big,5,2),MID(_xlpm.big,3,2),MID(_xlpm.big,1,2))) -> FEFFFFFF | L134: =HEX2DEC(D134) -> 0 | M134: =HEX2DEC(E134) -> 0 | N134: =HEX2DEC(F134) -> 0 | O134: {=_xlfn.IFS(M134<Data!$F$3,0,M134<Data!$F$4,1,TRUE,2)} -> 0 | P134: {=_xlfn.IFS(H134,3,N134<Data!$F$3,0,N134<Data!$F$4,1,TRUE,2)} -> 0
G135: {=_xlfn.CONCAT(IFERROR(I135:K135,""))} -> 02000000FEFFFFFF | I135: =_xlfn.LET(_xlpm.big,DEC2HEX(_xlfn.BITLSHIFT(M135-_xlfn.XLOOKUP(O135,Data!A:A,Data!F:F),4)+O135,8),_xlfn.CONCAT(MID(_xlpm.big,7,2),MID(_xlpm.big,5,2),MID(_xlpm.big,3,2),MID(_xlpm.big,1,2))) -> #NUM! | J135: =_xlfn.CONCAT("02",DEC2HEX(P135,2),"0000") -> 02000000 | K135: =_xlfn.LET(_xlpm.big,IF(H135,DEC2HEX(HEX2DEC(F135),8),DEC2HEX(N135-_xlfn.XLOOKUP(P135,Data!A:A,Data!F:F),8)),_xlfn.CONCAT(MID(_xlpm.big,7,2),MID(_xlpm.big,5,2),MID(_xlpm.big,3,2),MID(_xlpm.big,1,2))) -> FEFFFFFF | L135: =HEX2DEC(D135) -> 0 | M135: =HEX2DEC(E135) -> 0 | N135: =HEX2DEC(F135) -> 0 | O135: {=_xlfn.IFS(M135<Data!$F$3,0,M135<Data!$F$4,1,TRUE,2)} -> 0 | P135: {=_xlfn.IFS(H135,3,N135<Data!$F$3,0,N135<Data!$F$4,1,TRUE,2)} -> 0
G136: {=_xlfn.CONCAT(IFERROR(I136:K136,""))} -> 02000000FEFFFFFF | I136: =_xlfn.LET(_xlpm.big,DEC2HEX(_xlfn.BITLSHIFT(M136-_xlfn.XLOOKUP(O136,Data!A:A,Data!F:F),4)+O136,8),_xlfn.CONCAT(MID(_xlpm.big,7,2),MID(_xlpm.big,5,2),MID(_xlpm.big,3,2),MID(_xlpm.big,1,2))) -> #NUM! | J136: =_xlfn.CONCAT("02",DEC2HEX(P136,2),"0000") -> 02000000 | K136: =_xlfn.LET(_xlpm.big,IF(H136,DEC2HEX(HEX2DEC(F136),8),DEC2HEX(N136-_xlfn.XLOOKUP(P136,Data!A:A,Data!F:F),8)),_xlfn.CONCAT(MID(_xlpm.big,7,2),MID(_xlpm.big,5,2),MID(_xlpm.big,3,2),MID(_xlpm.big,1,2))) -> FEFFFFFF | L136: =HEX2DEC(D136) -> 0 | M136: =HEX2DEC(E136) -> 0 | N136: =HEX2DEC(F136) -> 0 | O136: {=_xlfn.IFS(M136<Data!$F$3,0,M136<Data!$F$4,1,TRUE,2)} -> 0 | P136: {=_xlfn.IFS(H136,3,N136<Data!$F$3,0,N136<Data!$F$4,1,TRUE,2)} -> 0
G137: {=_xlfn.CONCAT(IFERROR(I137:K137,""))} -> 02000000FEFFFFFF | I137: =_xlfn.LET(_xlpm.big,DEC2HEX(_xlfn.BITLSHIFT(M137-_xlfn.XLOOKUP(O137,Data!A:A,Data!F:F),4)+O137,8),_xlfn.CONCAT(MID(_xlpm.big,7,2),MID(_xlpm.big,5,2),MID(_xlpm.big,3,2),MID(_xlpm.big,1,2))) -> #NUM! | J137: =_xlfn.CONCAT("02",DEC2HEX(P137,2),"0000") -> 02000000 | K137: =_xlfn.LET(_xlpm.big,IF(H137,DEC2HEX(HEX2DEC(F137),8),DEC2HEX(N137-_xlfn.XLOOKUP(P137,Data!A:A,Data!F:F),8)),_xlfn.CONCAT(MID(_xlpm.big,7,2),MID(_xlpm.big,5,2),MID(_xlpm.big,3,2),MID(_xlpm.big,1,2))) -> FEFFFFFF | L137: =HEX2DEC(D137) -> 0 | M137: =HEX2DEC(E137) -> 0 | N137: =HEX2DEC(F137) -> 0 | O137: {=_xlfn.IFS(M137<Data!$F$3,0,M137<Data!$F$4,1,TRUE,2)} -> 0 | P137: {=_xlfn.IFS(H137,3,N137<Data!$F$3,0,N137<Data!$F$4,1,TRUE,2)} -> 0
G138: {=_xlfn.CONCAT(IFERROR(I138:K138,""))} -> 02000000FEFFFFFF | I138: =_xlfn.LET(_xlpm.big,DEC2HEX(_xlfn.BITLSHIFT(M138-_xlfn.XLOOKUP(O138,Data!A:A,Data!F:F),4)+O138,8),_xlfn.CONCAT(MID(_xlpm.big,7,2),MID(_xlpm.big,5,2),MID(_xlpm.big,3,2),MID(_xlpm.big,1,2))) -> #NUM! | J138: =_xlfn.CONCAT("02",DEC2HEX(P138,2),"0000") -> 02000000 | K138: =_xlfn.LET(_xlpm.big,IF(H138,DEC2HEX(HEX2DEC(F138),8),DEC2HEX(N138-_xlfn.XLOOKUP(P138,Data!A:A,Data!F:F),8)),_xlfn.CONCAT(MID(_xlpm.big,7,2),MID(_xlpm.big,5,2),MID(_xlpm.big,3,2),MID(_xlpm.big,1,2))) -> FEFFFFFF | L138: =HEX2DEC(D138) -> 0 | M138: =HEX2DEC(E138) -> 0 | N138: =HEX2DEC(F138) -> 0 | O138: {=_xlfn.IFS(M138<Data!$F$3,0,M138<Data!$F$4,1,TRUE,2)} -> 0 | P138: {=_xlfn.IFS(H138,3,N138<Data!$F$3,0,N138<Data!$F$4,1,TRUE,2)} -> 0
G139: {=_xlfn.CONCAT(IFERROR(I139:K139,""))} -> 02000000FEFFFFFF | I139: =_xlfn.LET(_xlpm.big,DEC2HEX(_xlfn.BITLSHIFT(M139-_xlfn.XLOOKUP(O139,Data!A:A,Data!F:F),4)+O139,8),_xlfn.CONCAT(MID(_xlpm.big,7,2),MID(_xlpm.big,5,2),MID(_xlpm.big,3,2),MID(_xlpm.big,1,2))) -> #NUM! | J139: =_xlfn.CONCAT("02",DEC2HEX(P139,2),"0000") -> 02000000 | K139: =_xlfn.LET(_xlpm.big,IF(H139,DEC2HEX(HEX2DEC(F139),8),DEC2HEX(N139-_xlfn.XLOOKUP(P139,Data!A:A,Data!F:F),8)),_xlfn.CONCAT(MID(_xlpm.big,7,2),MID(_xlpm.big,5,2),MID(_xlpm.big,3,2),MID(_xlpm.big,1,2))) -> FEFFFFFF | L139: =HEX2DEC(D139) -> 0 | M139: =HEX2DEC(E139) -> 0 | N139: =HEX2DEC(F139) -> 0 | O139: {=_xlfn.IFS(M139<Data!$F$3,0,M139<Data!$F$4,1,TRUE,2)} -> 0 | P139: {=_xlfn.IFS(H139,3,N139<Data!$F$3,0,N139<Data!$F$4,1,TRUE,2)} -> 0
G140: {=_xlfn.CONCAT(IFERROR(I140:K140,""))} -> 02000000FEFFFFFF | I140: =_xlfn.LET(_xlpm.big,DEC2HEX(_xlfn.BITLSHIFT(M140-_xlfn.XLOOKUP(O140,Data!A:A,Data!F:F),4)+O140,8),_xlfn.CONCAT(MID(_xlpm.big,7,2),MID(_xlpm.big,5,2),MID(_xlpm.big,3,2),MID(_xlpm.big,1,2))) -> #NUM! | J140: =_xlfn.CONCAT("02",DEC2HEX(P140,2),"0000") -> 02000000 | K140: =_xlfn.LET(_xlpm.big,IF(H140,DEC2HEX(HEX2DEC(F140),8),DEC2HEX(N140-_xlfn.XLOOKUP(P140,Data!A:A,Data!F:F),8)),_xlfn.CONCAT(MID(_xlpm.big,7,2),MID(_xlpm.big,5,2),MID(_xlpm.big,3,2),MID(_xlpm.big,1,2))) -> FEFFFFFF | L140: =HEX2DEC(D140) -> 0 | M140: =HEX2DEC(E140) -> 0 | N140: =HEX2DEC(F140) -> 0 | O140: {=_xlfn.IFS(M140<Data!$F$3,0,M140<Data!$F$4,1,TRUE,2)} -> 0 | P140: {=_xlfn.IFS(H140,3,N140<Data!$F$3,0,N140<Data!$F$4,1,TRUE,2)} -> 0
... G319: {=_xlfn.CONCAT(IFERROR(I319:K319,""))} -> 02000000FEFFFFFF | I319: =_xlfn.LET(_xlpm.big,DEC2HEX(_xlfn.BITLSHIFT(M319-_xlfn.XLOOKUP(O319,Data!A:A,Data!F:F),4)+O319,8),_xlfn.CONCAT(MID(_xlpm.big,7,2),MID(_xlpm.big,5,2),MID(_xlpm.big,3,2),MID(_xlpm.big,1,2))) -> #NUM! | J319: =_xlfn.CONCAT("02",DEC2HEX(P319,2),"0000") -> 02000000 | K319: =_xlfn.LET(_xlpm.big,IF(H319,DEC2HEX(HEX2DEC(F319),8),DEC2HEX(N319-_xlfn.XLOOKUP(P319,Data!A:A,Data!F:F),8)),_xlfn.CONCAT(MID(_xlpm.big,7,2),MID(_xlpm.big,5,2),MID(_xlpm.big,3,2),MID(_xlpm.big,1,2))) -> FEFFFFFF | L319: =HEX2DEC(D319) -> 0 | M319: =HEX2DEC(E319) -> 0 | N319: =HEX2DEC(F319) -> 0 | O319: {=_xlfn.IFS(M319<Data!$F$3,0,M319<Data!$F$4,1,TRUE,2)} -> 0 | P319: {=_xlfn.IFS(H319,3,N319<Data!$F$3,0,N319<Data!$F$4,1,TRUE,2)} -> 0
G320: {=_xlfn.CONCAT(IFERROR(I320:K320,""))} -> 0203000000000000 | H320: TRUE | I320: =_xlfn.LET(_xlpm.big,DEC2HEX(_xlfn.BITLSHIFT(M320-_xlfn.XLOOKUP(O320,Data!A:A,Data!F:F),4)+O320,8),_xlfn.CONCAT(MID(_xlpm.big,7,2),MID(_xlpm.big,5,2),MID(_xlpm.big,3,2),MID(_xlpm.big,1,2))) -> #NUM! | J320: =_xlfn.CONCAT("02",DEC2HEX(P320,2),"0000") -> 02030000 | K320: =_xlfn.LET(_xlpm.big,IF(H320,DEC2HEX(HEX2DEC(F320),8),DEC2HEX(N320-_xlfn.XLOOKUP(P320,Data!A:A,Data!F:F),8)),_xlfn.CONCAT(MID(_xlpm.big,7,2),MID(_xlpm.big,5,2),MID(_xlpm.big,3,2),MID(_xlpm.big,1,2))) -> 00000000 | L320: =HEX2DEC(D320) -> 0 | M320: =HEX2DEC(E320) -> 0 | N320: =HEX2DEC(F320) -> 0 | O320: {=_xlfn.IFS(M320<Data!$F$3,0,M320<Data!$F$4,1,TRUE,2)} -> 0 | P320: {=_xlfn.IFS(H320,3,N320<Data!$F$3,0,N320<Data!$F$4,1,TRUE,2)} -> 3
G321: {=_xlfn.CONCAT(IFERROR(I321:K321,""))} -> 0203000000000000 | H321: TRUE | I321: =_xlfn.LET(_xlpm.big,DEC2HEX(_xlfn.BITLSHIFT(M321-_xlfn.XLOOKUP(O321,Data!A:A,Data!F:F),4)+O321,8),_xlfn.CONCAT(MID(_xlpm.big,7,2),MID(_xlpm.big,5,2),MID(_xlpm.big,3,2),MID(_xlpm.big,1,2))) -> #NUM! | J321: =_xlfn.CONCAT("02",DEC2HEX(P321,2),"0000") -> 02030000 | K321: =_xlfn.LET(_xlpm.big,IF(H321,DEC2HEX(HEX2DEC(F321),8),DEC2HEX(N321-_xlfn.XLOOKUP(P321,Data!A:A,Data!F:F),8)),_xlfn.CONCAT(MID(_xlpm.big,7,2),MID(_xlpm.big,5,2),MID(_xlpm.big,3,2),MID(_xlpm.big,1,2))) -> 00000000 | L321: =HEX2DEC(D321) -> 0 | M321: =HEX2DEC(E321) -> 0 | N321: =HEX2DEC(F321) -> 0 | O321: {=_xlfn.IFS(M321<Data!$F$3,0,M321<Data!$F$4,1,TRUE,2)} -> 0 | P321: {=_xlfn.IFS(H321,3,N321<Data!$F$3,0,N321<Data!$F$4,1,TRUE,2)} -> 3
G322: {=_xlfn.CONCAT(IFERROR(I322:K322,""))} -> 02000000FEFFFFFF | I322: =_xlfn.LET(_xlpm.big,DEC2HEX(_xlfn.BITLSHIFT(M322-_xlfn.XLOOKUP(O322,Data!A:A,Data!F:F),4)+O322,8),_xlfn.CONCAT(MID(_xlpm.big,7,2),MID(_xlpm.big,5,2),MID(_xlpm.big,3,2),MID(_xlpm.big,1,2))) -> #NUM! | J322: =_xlfn.CONCAT("02",DEC2HEX(P322,2),"0000") -> 02000000 | K322: =_xlfn.LET(_xlpm.big,IF(H322,DEC2HEX(HEX2DEC(F322),8),DEC2HEX(N322-_xlfn.XLOOKUP(P322,Data!A:A,Data!F:F),8)),_xlfn.CONCAT(MID(_xlpm.big,7,2),MID(_xlpm.big,5,2),MID(_xlpm.big,3,2),MID(_xlpm.big,1,2))) -> FEFFFFFF | L322: =HEX2DEC(D322) -> 0 | M322: =HEX2DEC(E322) -> 0 | N322: =HEX2DEC(F322) -> 0 | O322: {=_xlfn.IFS(M322<Data!$F$3,0,M322<Data!$F$4,1,TRUE,2)} -> 0 | P322: {=_xlfn.IFS(H322,3,N322<Data!$F$3,0,N322<Data!$F$4,1,TRUE,2)} -> 0
G323: {=_xlfn.CONCAT(IFERROR(I323:K323,""))} -> 02000000FEFFFFFF | I323: =_xlfn.LET(_xlpm.big,DEC2HEX(_xlfn.BITLSHIFT(M323-_xlfn.XLOOKUP(O323,Data!A:A,Data!F:F),4)+O323,8),_xlfn.CONCAT(MID(_xlpm.big,7,2),MID(_xlpm.big,5,2),MID(_xlpm.big,3,2),MID(_xlpm.big,1,2))) -> #NUM! | J323: =_xlfn.CONCAT("02",DEC2HEX(P323,2),"0000") -> 02000000 | K323: =_xlfn.LET(_xlpm.big,IF(H323,DEC2HEX(HEX2DEC(F323),8),DEC2HEX(N323-_xlfn.XLOOKUP(P323,Data!A:A,Data!F:F),8)),_xlfn.CONCAT(MID(_xlpm.big,7,2),MID(_xlpm.big,5,2),MID(_xlpm.big,3,2),MID(_xlpm.big,1,2))) -> FEFFFFFF | L323: =HEX2DEC(D323) -> 0 | M323: =HEX2DEC(E323) -> 0 | N323: =HEX2DEC(F323) -> 0 | O323: {=_xlfn.IFS(M323<Data!$F$3,0,M323<Data!$F$4,1,TRUE,2)} -> 0 | P323: {=_xlfn.IFS(H323,3,N323<Data!$F$3,0,N323<Data!$F$4,1,TRUE,2)} -> 0
G324: {=_xlfn.CONCAT(IFERROR(I324:K324,""))} -> 02000000FEFFFFFF | I324: =_xlfn.LET(_xlpm.big,DEC2HEX(_xlfn.BITLSHIFT(M324-_xlfn.XLOOKUP(O324,Data!A:A,Data!F:F),4)+O324,8),_xlfn.CONCAT(MID(_xlpm.big,7,2),MID(_xlpm.big,5,2),MID(_xlpm.big,3,2),MID(_xlpm.big,1,2))) -> #NUM! | J324: =_xlfn.CONCAT("02",DEC2HEX(P324,2),"0000") -> 02000000 | K324: =_xlfn.LET(_xlpm.big,IF(H324,DEC2HEX(HEX2DEC(F324),8),DEC2HEX(N324-_xlfn.XLOOKUP(P324,Data!A:A,Data!F:F),8)),_xlfn.CONCAT(MID(_xlpm.big,7,2),MID(_xlpm.big,5,2),MID(_xlpm.big,3,2),MID(_xlpm.big,1,2))) -> FEFFFFFF | L324: =HEX2DEC(D324) -> 0 | M324: =HEX2DEC(E324) -> 0 | N324: =HEX2DEC(F324) -> 0 | O324: {=_xlfn.IFS(M324<Data!$F$3,0,M324<Data!$F$4,1,TRUE,2)} -> 0 | P324: {=_xlfn.IFS(H324,3,N324<Data!$F$3,0,N324<Data!$F$4,1,TRUE,2)} -> 0
G325: {=_xlfn.CONCAT(IFERROR(I325:K325,""))} -> 02000000FEFFFFFF | I325: =_xlfn.LET(_xlpm.big,DEC2HEX(_xlfn.BITLSHIFT(M325-_xlfn.XLOOKUP(O325,Data!A:A,Data!F:F),4)+O325,8),_xlfn.CONCAT(MID(_xlpm.big,7,2),MID(_xlpm.big,5,2),MID(_xlpm.big,3,2),MID(_xlpm.big,1,2))) -> #NUM! | J325: =_xlfn.CONCAT("02",DEC2HEX(P325,2),"0000") -> 02000000 | K325: =_xlfn.LET(_xlpm.big,IF(H325,DEC2HEX(HEX2DEC(F325),8),DEC2HEX(N325-_xlfn.XLOOKUP(P325,Data!A:A,Data!F:F),8)),_xlfn.CONCAT(MID(_xlpm.big,7,2),MID(_xlpm.big,5,2),MID(_xlpm.big,3,2),MID(_xlpm.big,1,2))) -> FEFFFFFF | L325: =HEX2DEC(D325) -> 0 | M325: =HEX2DEC(E325) -> 0 | N325: =HEX2DEC(F325) -> 0 | O325: {=_xlfn.IFS(M325<Data!$F$3,0,M325<Data!$F$4,1,TRUE,2)} -> 0 | P325: {=_xlfn.IFS(H325,3,N325<Data!$F$3,0,N325<Data!$F$4,1,TRUE,2)} -> 0
G326: {=_xlfn.CONCAT(IFERROR(I326:K326,""))} -> 02000000FEFFFFFF | I326: =_xlfn.LET(_xlpm.big,DEC2HEX(_xlfn.BITLSHIFT(M326-_xlfn.XLOOKUP(O326,Data!A:A,Data!F:F),4)+O326,8),_xlfn.CONCAT(MID(_xlpm.big,7,2),MID(_xlpm.big,5,2),MID(_xlpm.big,3,2),MID(_xlpm.big,1,2))) -> #NUM! | J326: =_xlfn.CONCAT("02",DEC2HEX(P326,2),"0000") -> 02000000 | K326: =_xlfn.LET(_xlpm.big,IF(H326,DEC2HEX(HEX2DEC(F326),8),DEC2HEX(N326-_xlfn.XLOOKUP(P326,Data!A:A,Data!F:F),8)),_xlfn.CONCAT(MID(_xlpm.big,7,2),MID(_xlpm.big,5,2),MID(_xlpm.big,3,2),MID(_xlpm.big,1,2))) -> FEFFFFFF | L326: =HEX2DEC(D326) -> 0 | M326: =HEX2DEC(E326) -> 0 | N326: =HEX2DEC(F326) -> 0 | O326: {=_xlfn.IFS(M326<Data!$F$3,0,M326<Data!$F$4,1,TRUE,2)} -> 0 | P326: {=_xlfn.IFS(H326,3,N326<Data!$F$3,0,N326<Data!$F$4,1,TRUE,2)} -> 0
G327: {=_xlfn.CONCAT(IFERROR(I327:K327,""))} -> 02000000FEFFFFFF | I327: =_xlfn.LET(_xlpm.big,DEC2HEX(_xlfn.BITLSHIFT(M327-_xlfn.XLOOKUP(O327,Data!A:A,Data!F:F),4)+O327,8),_xlfn.CONCAT(MID(_xlpm.big,7,2),MID(_xlpm.big,5,2),MID(_xlpm.big,3,2),MID(_xlpm.big,1,2))) -> #NUM! | J327: =_xlfn.CONCAT("02",DEC2HEX(P327,2),"0000") -> 02000000 | K327: =_xlfn.LET(_xlpm.big,IF(H327,DEC2HEX(HEX2DEC(F327),8),DEC2HEX(N327-_xlfn.XLOOKUP(P327,Data!A:A,Data!F:F),8)),_xlfn.CONCAT(MID(_xlpm.big,7,2),MID(_xlpm.big,5,2),MID(_xlpm.big,3,2),MID(_xlpm.big,1,2))) -> FEFFFFFF | L327: =HEX2DEC(D327) -> 0 | M327: =HEX2DEC(E327) -> 0 | N327: =HEX2DEC(F327) -> 0 | O327: {=_xlfn.IFS(M327<Data!$F$3,0,M327<Data!$F$4,1,TRUE,2)} -> 0 | P327: {=_xlfn.IFS(H327,3,N327<Data!$F$3,0,N327<Data!$F$4,1,TRUE,2)} -> 0
G328: {=_xlfn.CONCAT(IFERROR(I328:K328,""))} -> 02000000FEFFFFFF | I328: =_xlfn.LET(_xlpm.big,DEC2HEX(_xlfn.BITLSHIFT(M328-_xlfn.XLOOKUP(O328,Data!A:A,Data!F:F),4)+O328,8),_xlfn.CONCAT(MID(_xlpm.big,7,2),MID(_xlpm.big,5,2),MID(_xlpm.big,3,2),MID(_xlpm.big,1,2))) -> #NUM! | J328: =_xlfn.CONCAT("02",DEC2HEX(P328,2),"0000") -> 02000000 | K328: =_xlfn.LET(_xlpm.big,IF(H328,DEC2HEX(HEX2DEC(F328),8),DEC2HEX(N328-_xlfn.XLOOKUP(P328,Data!A:A,Data!F:F),8)),_xlfn.CONCAT(MID(_xlpm.big,7,2),MID(_xlpm.big,5,2),MID(_xlpm.big,3,2),MID(_xlpm.big,1,2))) -> FEFFFFFF | L328: =HEX2DEC(D328) -> 0 | M328: =HEX2DEC(E328) -> 0 | N328: =HEX2DEC(F328) -> 0 | O328: {=_xlfn.IFS(M328<Data!$F$3,0,M328<Data!$F$4,1,TRUE,2)} -> 0 | P328: {=_xlfn.IFS(H328,3,N328<Data!$F$3,0,N328<Data!$F$4,1,TRUE,2)} -> 0
G329: {=_xlfn.CONCAT(IFERROR(I329:K329,""))} -> 02000000FEFFFFFF | I329: =_xlfn.LET(_xlpm.big,DEC2HEX(_xlfn.BITLSHIFT(M329-_xlfn.XLOOKUP(O329,Data!A:A,Data!F:F),4)+O329,8),_xlfn.CONCAT(MID(_xlpm.big,7,2),MID(_xlpm.big,5,2),MID(_xlpm.big,3,2),MID(_xlpm.big,1,2))) -> #NUM! | J329: =_xlfn.CONCAT("02",DEC2HEX(P329,2),"0000") -> 02000000 | K329: =_xlfn.LET(_xlpm.big,IF(H329,DEC2HEX(HEX2DEC(F329),8),DEC2HEX(N329-_xlfn.XLOOKUP(P329,Data!A:A,Data!F:F),8)),_xlfn.CONCAT(MID(_xlpm.big,7,2),MID(_xlpm.big,5,2),MID(_xlpm.big,3,2),MID(_xlpm.big,1,2))) -> FEFFFFFF | L329: =HEX2DEC(D329) -> 0 | M329: =HEX2DEC(E329) -> 0 | N329: =HEX2DEC(F329) -> 0 | O329: {=_xlfn.IFS(M329<Data!$F$3,0,M329<Data!$F$4,1,TRUE,2)} -> 0 | P329: {=_xlfn.IFS(H329,3,N329<Data!$F$3,0,N329<Data!$F$4,1,TRUE,2)} -> 0
G330: {=_xlfn.CONCAT(IFERROR(I330:K330,""))} -> 02000000FEFFFFFF | I330: =_xlfn.LET(_xlpm.big,DEC2HEX(_xlfn.BITLSHIFT(M330-_xlfn.XLOOKUP(O330,Data!A:A,Data!F:F),4)+O330,8),_xlfn.CONCAT(MID(_xlpm.big,7,2),MID(_xlpm.big,5,2),MID(_xlpm.big,3,2),MID(_xlpm.big,1,2))) -> #NUM! | J330: =_xlfn.CONCAT("02",DEC2HEX(P330,2),"0000") -> 02000000 | K330: =_xlfn.LET(_xlpm.big,IF(H330,DEC2HEX(HEX2DEC(F330),8),DEC2HEX(N330-_xlfn.XLOOKUP(P330,Data!A:A,Data!F:F),8)),_xlfn.CONCAT(MID(_xlpm.big,7,2),MID(_xlpm.big,5,2),MID(_xlpm.big,3,2),MID(_xlpm.big,1,2))) -> FEFFFFFF | L330: =HEX2DEC(D330) -> 0 | M330: =HEX2DEC(E330) -> 0 | N330: =HEX2DEC(F330) -> 0 | O330: {=_xlfn.IFS(M330<Data!$F$3,0,M330<Data!$F$4,1,TRUE,2)} -> 0 | P330: {=_xlfn.IFS(H330,3,N330<Data!$F$3,0,N330<Data!$F$4,1,TRUE,2)} -> 0
G331: {=_xlfn.CONCAT(IFERROR(I331:K331,""))} -> 02000000FEFFFFFF | I331: =_xlfn.LET(_xlpm.big,DEC2HEX(_xlfn.BITLSHIFT(M331-_xlfn.XLOOKUP(O331,Data!A:A,Data!F:F),4)+O331,8),_xlfn.CONCAT(MID(_xlpm.big,7,2),MID(_xlpm.big,5,2),MID(_xlpm.big,3,2),MID(_xlpm.big,1,2))) -> #NUM! | J331: =_xlfn.CONCAT("02",DEC2HEX(P331,2),"0000") -> 02000000 | K331: =_xlfn.LET(_xlpm.big,IF(H331,DEC2HEX(HEX2DEC(F331),8),DEC2HEX(N331-_xlfn.XLOOKUP(P331,Data!A:A,Data!F:F),8)),_xlfn.CONCAT(MID(_xlpm.big,7,2),MID(_xlpm.big,5,2),MID(_xlpm.big,3,2),MID(_xlpm.big,1,2))) -> FEFFFFFF | L331: =HEX2DEC(D331) -> 0 | M331: =HEX2DEC(E331) -> 0 | N331: =HEX2DEC(F331) -> 0 | O331: {=_xlfn.IFS(M331<Data!$F$3,0,M331<Data!$F$4,1,TRUE,2)} -> 0 | P331: {=_xlfn.IFS(H331,3,N331<Data!$F$3,0,N331<Data!$F$4,1,TRUE,2)} -> 0
G332: {=_xlfn.CONCAT(IFERROR(I332:K332,""))} -> 02000000FEFFFFFF | I332: =_xlfn.LET(_xlpm.big,DEC2HEX(_xlfn.BITLSHIFT(M332-_xlfn.XLOOKUP(O332,Data!A:A,Data!F:F),4)+O332,8),_xlfn.CONCAT(MID(_xlpm.big,7,2),MID(_xlpm.big,5,2),MID(_xlpm.big,3,2),MID(_xlpm.big,1,2))) -> #NUM! | J332: =_xlfn.CONCAT("02",DEC2HEX(P332,2),"0000") -> 02000000 | K332: =_xlfn.LET(_xlpm.big,IF(H332,DEC2HEX(HEX2DEC(F332),8),DEC2HEX(N332-_xlfn.XLOOKUP(P332,Data!A:A,Data!F:F),8)),_xlfn.CONCAT(MID(_xlpm.big,7,2),MID(_xlpm.big,5,2),MID(_xlpm.big,3,2),MID(_xlpm.big,1,2))) -> FEFFFFFF | L332: =HEX2DEC(D332) -> 0 | M332: =HEX2DEC(E332) -> 0 | N332: =HEX2DEC(F332) -> 0 | O332: {=_xlfn.IFS(M332<Data!$F$3,0,M332<Data!$F$4,1,TRUE,2)} -> 0 | P332: {=_xlfn.IFS(H332,3,N332<Data!$F$3,0,N332<Data!$F$4,1,TRUE,2)} -> 0
G333: {=_xlfn.CONCAT(IFERROR(I333:K333,""))} -> 02000000FEFFFFFF | I333: =_xlfn.LET(_xlpm.big,DEC2HEX(_xlfn.BITLSHIFT(M333-_xlfn.XLOOKUP(O333,Data!A:A,Data!F:F),4)+O333,8),_xlfn.CONCAT(MID(_xlpm.big,7,2),MID(_xlpm.big,5,2),MID(_xlpm.big,3,2),MID(_xlpm.big,1,2))) -> #NUM! | J333: =_xlfn.CONCAT("02",DEC2HEX(P333,2),"0000") -> 02000000 | K333: =_xlfn.LET(_xlpm.big,IF(H333,DEC2HEX(HEX2DEC(F333),8),DEC2HEX(N333-_xlfn.XLOOKUP(P333,Data!A:A,Data!F:F),8)),_xlfn.CONCAT(MID(_xlpm.big,7,2),MID(_xlpm.big,5,2),MID(_xlpm.big,3,2),MID(_xlpm.big,1,2))) -> FEFFFFFF | L333: =HEX2DEC(D333) -> 0 | M333: =HEX2DEC(E333) -> 0 | N333: =HEX2DEC(F333) -> 0 | O333: {=_xlfn.IFS(M333<Data!$F$3,0,M333<Data!$F$4,1,TRUE,2)} -> 0 | P333: {=_xlfn.IFS(H333,3,N333<Data!$F$3,0,N333<Data!$F$4,1,TRUE,2)} -> 0
G334: {=_xlfn.CONCAT(IFERROR(I334:K334,""))} -> 0203000000000000 | H334: TRUE | I334: =_xlfn.LET(_xlpm.big,DEC2HEX(_xlfn.BITLSHIFT(M334-_xlfn.XLOOKUP(O334,Data!A:A,Data!F:F),4)+O334,8),_xlfn.CONCAT(MID(_xlpm.big,7,2),MID(_xlpm.big,5,2),MID(_xlpm.big,3,2),MID(_xlpm.big,1,2))) -> #NUM! | J334: =_xlfn.CONCAT("02",DEC2HEX(P334,2),"0000") -> 02030000 | K334: =_xlfn.LET(_xlpm.big,IF(H334,DEC2HEX(HEX2DEC(F334),8),DEC2HEX(N334-_xlfn.XLOOKUP(P334,Data!A:A,Data!F:F),8)),_xlfn.CONCAT(MID(_xlpm.big,7,2),MID(_xlpm.big,5,2),MID(_xlpm.big,3,2),MID(_xlpm.big,1,2))) -> 00000000 | L334: =HEX2DEC(D334) -> 0 | M334: =HEX2DEC(E334) -> 0 | N334: =HEX2DEC(F334) -> 0 | O334: {=_xlfn.IFS(M334<Data!$F$3,0,M334<Data!$F$4,1,TRUE,2)} -> 0 | P334: {=_xlfn.IFS(H334,3,N334<Data!$F$3,0,N334<Data!$F$4,1,TRUE,2)} -> 3
G335: {=_xlfn.CONCAT(IFERROR(I335:K335,""))} -> 02000000FEFFFFFF | I335: =_xlfn.LET(_xlpm.big,DEC2HEX(_xlfn.BITLSHIFT(M335-_xlfn.XLOOKUP(O335,Data!A:A,Data!F:F),4)+O335,8),_xlfn.CONCAT(MID(_xlpm.big,7,2),MID(_xlpm.big,5,2),MID(_xlpm.big,3,2),MID(_xlpm.big,1,2))) -> #NUM! | J335: =_xlfn.CONCAT("02",DEC2HEX(P335,2),"0000") -> 02000000 | K335: =_xlfn.LET(_xlpm.big,IF(H335,DEC2HEX(HEX2DEC(F335),8),DEC2HEX(N335-_xlfn.XLOOKUP(P335,Data!A:A,Data!F:F),8)),_xlfn.CONCAT(MID(_xlpm.big,7,2),MID(_xlpm.big,5,2),MID(_xlpm.big,3,2),MID(_xlpm.big,1,2))) -> FEFFFFFF | L335: =HEX2DEC(D335) -> 0 | M335: =HEX2DEC(E335) -> 0 | N335: =HEX2DEC(F335) -> 0 | O335: {=_xlfn.IFS(M335<Data!$F$3,0,M335<Data!$F$4,1,TRUE,2)} -> 0 | P335: {=_xlfn.IFS(H335,3,N335<Data!$F$3,0,N335<Data!$F$4,1,TRUE,2)} -> 0
G336: {=_xlfn.CONCAT(IFERROR(I336:K336,""))} -> 02000000FEFFFFFF | I336: =_xlfn.LET(_xlpm.big,DEC2HEX(_xlfn.BITLSHIFT(M336-_xlfn.XLOOKUP(O336,Data!A:A,Data!F:F),4)+O336,8),_xlfn.CONCAT(MID(_xlpm.big,7,2),MID(_xlpm.big,5,2),MID(_xlpm.big,3,2),MID(_xlpm.big,1,2))) -> #NUM! | J336: =_xlfn.CONCAT("02",DEC2HEX(P336,2),"0000") -> 02000000 | K336: =_xlfn.LET(_xlpm.big,IF(H336,DEC2HEX(HEX2DEC(F336),8),DEC2HEX(N336-_xlfn.XLOOKUP(P336,Data!A:A,Data!F:F),8)),_xlfn.CONCAT(MID(_xlpm.big,7,2),MID(_xlpm.big,5,2),MID(_xlpm.big,3,2),MID(_xlpm.big,1,2))) -> FEFFFFFF | L336: =HEX2DEC(D336) -> 0 | M336: =HEX2DEC(E336) -> 0 | N336: =HEX2DEC(F336) -> 0 | O336: {=_xlfn.IFS(M336<Data!$F$3,0,M336<Data!$F$4,1,TRUE,2)} -> 0 | P336: {=_xlfn.IFS(H336,3,N336<Data!$F$3,0,N336<Data!$F$4,1,TRUE,2)} -> 0
G337: {=_xlfn.CONCAT(IFERROR(I337:K337,""))} -> 02000000FEFFFFFF | I337: =_xlfn.LET(_xlpm.big,DEC2HEX(_xlfn.BITLSHIFT(M337-_xlfn.XLOOKUP(O337,Data!A:A,Data!F:F),4)+O337,8),_xlfn.CONCAT(MID(_xlpm.big,7,2),MID(_xlpm.big,5,2),MID(_xlpm.big,3,2),MID(_xlpm.big,1,2))) -> #NUM! | J337: =_xlfn.CONCAT("02",DEC2HEX(P337,2),"0000") -> 02000000 | K337: =_xlfn.LET(_xlpm.big,IF(H337,DEC2HEX(HEX2DEC(F337),8),DEC2HEX(N337-_xlfn.XLOOKUP(P337,Data!A:A,Data!F:F),8)),_xlfn.CONCAT(MID(_xlpm.big,7,2),MID(_xlpm.big,5,2),MID(_xlpm.big,3,2),MID(_xlpm.big,1,2))) -> FEFFFFFF | L337: =HEX2DEC(D337) -> 0 | M337: =HEX2DEC(E337) -> 0 | N337: =HEX2DEC(F337) -> 0 | O337: {=_xlfn.IFS(M337<Data!$F$3,0,M337<Data!$F$4,1,TRUE,2)} -> 0 | P337: {=_xlfn.IFS(H337,3,N337<Data!$F$3,0,N337<Data!$F$4,1,TRUE,2)} -> 0
G338: {=_xlfn.CONCAT(IFERROR(I338:K338,""))} -> 02000000FEFFFFFF | I338: =_xlfn.LET(_xlpm.big,DEC2HEX(_xlfn.BITLSHIFT(M338-_xlfn.XLOOKUP(O338,Data!A:A,Data!F:F),4)+O338,8),_xlfn.CONCAT(MID(_xlpm.big,7,2),MID(_xlpm.big,5,2),MID(_xlpm.big,3,2),MID(_xlpm.big,1,2))) -> #NUM! | J338: =_xlfn.CONCAT("02",DEC2HEX(P338,2),"0000") -> 02000000 | K338: =_xlfn.LET(_xlpm.big,IF(H338,DEC2HEX(HEX2DEC(F338),8),DEC2HEX(N338-_xlfn.XLOOKUP(P338,Data!A:A,Data!F:F),8)),_xlfn.CONCAT(MID(_xlpm.big,7,2),MID(_xlpm.big,5,2),MID(_xlpm.big,3,2),MID(_xlpm.big,1,2))) -> FEFFFFFF | L338: =HEX2DEC(D338) -> 0 | M338: =HEX2DEC(E338) -> 0 | N338: =HEX2DEC(F338) -> 0 | O338: {=_xlfn.IFS(M338<Data!$F$3,0,M338<Data!$F$4,1,TRUE,2)} -> 0 | P338: {=_xlfn.IFS(H338,3,N338<Data!$F$3,0,N338<Data!$F$4,1,TRUE,2)} -> 0
G339: {=_xlfn.CONCAT(IFERROR(I339:K339,""))} -> 02000000FEFFFFFF | I339: =_xlfn.LET(_xlpm.big,DEC2HEX(_xlfn.BITLSHIFT(M339-_xlfn.XLOOKUP(O339,Data!A:A,Data!F:F),4)+O339,8),_xlfn.CONCAT(MID(_xlpm.big,7,2),MID(_xlpm.big,5,2),MID(_xlpm.big,3,2),MID(_xlpm.big,1,2))) -> #NUM! | J339: =_xlfn.CONCAT("02",DEC2HEX(P339,2),"0000") -> 02000000 | K339: =_xlfn.LET(_xlpm.big,IF(H339,DEC2HEX(HEX2DEC(F339),8),DEC2HEX(N339-_xlfn.XLOOKUP(P339,Data!A:A,Data!F:F),8)),_xlfn.CONCAT(MID(_xlpm.big,7,2),MID(_xlpm.big,5,2),MID(_xlpm.big,3,2),MID(_xlpm.big,1,2))) -> FEFFFFFF | L339: =HEX2DEC(D339) -> 0 | M339: =HEX2DEC(E339) -> 0 | N339: =HEX2DEC(F339) -> 0 | O339: {=_xlfn.IFS(M339<Data!$F$3,0,M339<Data!$F$4,1,TRUE,2)} -> 0 | P339: {=_xlfn.IFS(H339,3,N339<Data!$F$3,0,N339<Data!$F$4,1,TRUE,2)} -> 0
G340: {=_xlfn.CONCAT(IFERROR(I340:K340,""))} -> 02000000FEFFFFFF | I340: =_xlfn.LET(_xlpm.big,DEC2HEX(_xlfn.BITLSHIFT(M340-_xlfn.XLOOKUP(O340,Data!A:A,Data!F:F),4)+O340,8),_xlfn.CONCAT(MID(_xlpm.big,7,2),MID(_xlpm.big,5,2),MID(_xlpm.big,3,2),MID(_xlpm.big,1,2))) -> #NUM! | J340: =_xlfn.CONCAT("02",DEC2HEX(P340,2),"0000") -> 02000000 | K340: =_xlfn.LET(_xlpm.big,IF(H340,DEC2HEX(HEX2DEC(F340),8),DEC2HEX(N340-_xlfn.XLOOKUP(P340,Data!A:A,Data!F:F),8)),_xlfn.CONCAT(MID(_xlpm.big,7,2),MID(_xlpm.big,5,2),MID(_xlpm.big,3,2),MID(_xlpm.big,1,2))) -> FEFFFFFF | L340: =HEX2DEC(D340) -> 0 | M340: =HEX2DEC(E340) -> 0 | N340: =HEX2DEC(F340) -> 0 | O340: {=_xlfn.IFS(M340<Data!$F$3,0,M340<Data!$F$4,1,TRUE,2)} -> 0 | P340: {=_xlfn.IFS(H340,3,N340<Data!$F$3,0,N340<Data!$F$4,1,TRUE,2)} -> 0
G341: {=_xlfn.CONCAT(IFERROR(I341:K341,""))} -> 02000000FEFFFFFF | I341: =_xlfn.LET(_xlpm.big,DEC2HEX(_xlfn.BITLSHIFT(M341-_xlfn.XLOOKUP(O341,Data!A:A,Data!F:F),4)+O341,8),_xlfn.CONCAT(MID(_xlpm.big,7,2),MID(_xlpm.big,5,2),MID(_xlpm.big,3,2),MID(_xlpm.big,1,2))) -> #NUM! | J341: =_xlfn.CONCAT("02",DEC2HEX(P341,2),"0000") -> 02000000 | K341: =_xlfn.LET(_xlpm.big,IF(H341,DEC2HEX(HEX2DEC(F341),8),DEC2HEX(N341-_xlfn.XLOOKUP(P341,Data!A:A,Data!F:F),8)),_xlfn.CONCAT(MID(_xlpm.big,7,2),MID(_xlpm.big,5,2),MID(_xlpm.big,3,2),MID(_xlpm.big,1,2))) -> FEFFFFFF | L341: =HEX2DEC(D341) -> 0 | M341: =HEX2DEC(E341) -> 0 | N341: =HEX2DEC(F341) -> 0 | O341: {=_xlfn.IFS(M341<Data!$F$3,0,M341<Data!$F$4,1,TRUE,2)} -> 0 | P341: {=_xlfn.IFS(H341,3,N341<Data!$F$3,0,N341<Data!$F$4,1,TRUE,2)} -> 0
G342: {=_xlfn.CONCAT(IFERROR(I342:K342,""))} -> 02000000FEFFFFFF | I342: =_xlfn.LET(_xlpm.big,DEC2HEX(_xlfn.BITLSHIFT(M342-_xlfn.XLOOKUP(O342,Data!A:A,Data!F:F),4)+O342,8),_xlfn.CONCAT(MID(_xlpm.big,7,2),MID(_xlpm.big,5,2),MID(_xlpm.big,3,2),MID(_xlpm.big,1,2))) -> #NUM! | J342: =_xlfn.CONCAT("02",DEC2HEX(P342,2),"0000") -> 02000000 | K342: =_xlfn.LET(_xlpm.big,IF(H342,DEC2HEX(HEX2DEC(F342),8),DEC2HEX(N342-_xlfn.XLOOKUP(P342,Data!A:A,Data!F:F),8)),_xlfn.CONCAT(MID(_xlpm.big,7,2),MID(_xlpm.big,5,2),MID(_xlpm.big,3,2),MID(_xlpm.big,1,2))) -> FEFFFFFF | L342: =HEX2DEC(D342) -> 0 | M342: =HEX2DEC(E342) -> 0 | N342: =HEX2DEC(F342) -> 0 | O342: {=_xlfn.IFS(M342<Data!$F$3,0,M342<Data!$F$4,1,TRUE,2)} -> 0 | P342: {=_xlfn.IFS(H342,3,N342<Data!$F$3,0,N342<Data!$F$4,1,TRUE,2)} -> 0
G343: {=_xlfn.CONCAT(IFERROR(I343:K343,""))} -> 02000000FEFFFFFF | I343: =_xlfn.LET(_xlpm.big,DEC2HEX(_xlfn.BITLSHIFT(M343-_xlfn.XLOOKUP(O343,Data!A:A,Data!F:F),4)+O343,8),_xlfn.CONCAT(MID(_xlpm.big,7,2),MID(_xlpm.big,5,2),MID(_xlpm.big,3,2),MID(_xlpm.big,1,2))) -> #NUM! | J343: =_xlfn.CONCAT("02",DEC2HEX(P343,2),"0000") -> 02000000 | K343: =_xlfn.LET(_xlpm.big,IF(H343,DEC2HEX(HEX2DEC(F343),8),DEC2HEX(N343-_xlfn.XLOOKUP(P343,Data!A:A,Data!F:F),8)),_xlfn.CONCAT(MID(_xlpm.big,7,2),MID(_xlpm.big,5,2),MID(_xlpm.big,3,2),MID(_xlpm.big,1,2))) -> FEFFFFFF | L343: =HEX2DEC(D343) -> 0 | M343: =HEX2DEC(E343) -> 0 | N343: =HEX2DEC(F343) -> 0 | O343: {=_xlfn.IFS(M343<Data!$F$3,0,M343<Data!$F$4,1,TRUE,2)} -> 0 | P343: {=_xlfn.IFS(H343,3,N343<Data!$F$3,0,N343<Data!$F$4,1,TRUE,2)} -> 0
G344: {=_xlfn.CONCAT(IFERROR(I344:K344,""))} -> 02000000FEFFFFFF | I344: =_xlfn.LET(_xlpm.big,DEC2HEX(_xlfn.BITLSHIFT(M344-_xlfn.XLOOKUP(O344,Data!A:A,Data!F:F),4)+O344,8),_xlfn.CONCAT(MID(_xlpm.big,7,2),MID(_xlpm.big,5,2),MID(_xlpm.big,3,2),MID(_xlpm.big,1,2))) -> #NUM! | J344: =_xlfn.CONCAT("02",DEC2HEX(P344,2),"0000") -> 02000000 | K344: =_xlfn.LET(_xlpm.big,IF(H344,DEC2HEX(HEX2DEC(F344),8),DEC2HEX(N344-_xlfn.XLOOKUP(P344,Data!A:A,Data!F:F),8)),_xlfn.CONCAT(MID(_xlpm.big,7,2),MID(_xlpm.big,5,2),MID(_xlpm.big,3,2),MID(_xlpm.big,1,2))) -> FEFFFFFF | L344: =HEX2DEC(D344) -> 0 | M344: =HEX2DEC(E344) -> 0 | N344: =HEX2DEC(F344) -> 0 | O344: {=_xlfn.IFS(M344<Data!$F$3,0,M344<Data!$F$4,1,TRUE,2)} -> 0 | P344: {=_xlfn.IFS(H344,3,N344<Data!$F$3,0,N344<Data!$F$4,1,TRUE,2)} -> 0
G345: {=_xlfn.CONCAT(IFERROR(I345:K345,""))} -> 02000000FEFFFFFF | I345: =_xlfn.LET(_xlpm.big,DEC2HEX(_xlfn.BITLSHIFT(M345-_xlfn.XLOOKUP(O345,Data!A:A,Data!F:F),4)+O345,8),_xlfn.CONCAT(MID(_xlpm.big,7,2),MID(_xlpm.big,5,2),MID(_xlpm.big,3,2),MID(_xlpm.big,1,2))) -> #NUM! | J345: =_xlfn.CONCAT("02",DEC2HEX(P345,2),"0000") -> 02000000 | K345: =_xlfn.LET(_xlpm.big,IF(H345,DEC2HEX(HEX2DEC(F345),8),DEC2HEX(N345-_xlfn.XLOOKUP(P345,Data!A:A,Data!F:F),8)),_xlfn.CONCAT(MID(_xlpm.big,7,2),MID(_xlpm.big,5,2),MID(_xlpm.big,3,2),MID(_xlpm.big,1,2))) -> FEFFFFFF | L345: =HEX2DEC(D345) -> 0 | M345: =HEX2DEC(E345) -> 0 | N345: =HEX2DEC(F345) -> 0 | O345: {=_xlfn.IFS(M345<Data!$F$3,0,M345<Data!$F$4,1,TRUE,2)} -> 0 | P345: {=_xlfn.IFS(H345,3,N345<Data!$F$3,0,N345<Data!$F$4,1,TRUE,2)} -> 0
G346: {=_xlfn.CONCAT(IFERROR(I346:K346,""))} -> 02000000FEFFFFFF | I346: =_xlfn.LET(_xlpm.big,DEC2HEX(_xlfn.BITLSHIFT(M346-_xlfn.XLOOKUP(O346,Data!A:A,Data!F:F),4)+O346,8),_xlfn.CONCAT(MID(_xlpm.big,7,2),MID(_xlpm.big,5,2),MID(_xlpm.big,3,2),MID(_xlpm.big,1,2))) -> #NUM! | J346: =_xlfn.CONCAT("02",DEC2HEX(P346,2),"0000") -> 02000000 | K346: =_xlfn.LET(_xlpm.big,IF(H346,DEC2HEX(HEX2DEC(F346),8),DEC2HEX(N346-_xlfn.XLOOKUP(P346,Data!A:A,Data!F:F),8)),_xlfn.CONCAT(MID(_xlpm.big,7,2),MID(_xlpm.big,5,2),MID(_xlpm.big,3,2),MID(_xlpm.big,1,2))) -> FEFFFFFF | L346: =HEX2DEC(D346) -> 0 | M346: =HEX2DEC(E346) -> 0 | N346: =HEX2DEC(F346) -> 0 | O346: {=_xlfn.IFS(M346<Data!$F$3,0,M346<Data!$F$4,1,TRUE,2)} -> 0 | P346: {=_xlfn.IFS(H346,3,N346<Data!$F$3,0,N346<Data!$F$4,1,TRUE,2)} -> 0
... G349: {=_xlfn.CONCAT(IFERROR(I349:K349,""))} -> 02000000FEFFFFFF | I349: =_xlfn.LET(_xlpm.big,DEC2HEX(_xlfn.BITLSHIFT(M349-_xlfn.XLOOKUP(O349,Data!A:A,Data!F:F),4)+O349,8),_xlfn.CONCAT(MID(_xlpm.big,7,2),MID(_xlpm.big,5,2),MID(_xlpm.big,3,2),MID(_xlpm.big,1,2))) -> #NUM! | J349: =_xlfn.CONCAT("02",DEC2HEX(P349,2),"0000") -> 02000000 | K349: =_xlfn.LET(_xlpm.big,IF(H349,DEC2HEX(HEX2DEC(F349),8),DEC2HEX(N349-_xlfn.XLOOKUP(P349,Data!A:A,Data!F:F),8)),_xlfn.CONCAT(MID(_xlpm.big,7,2),MID(_xlpm.big,5,2),MID(_xlpm.big,3,2),MID(_xlpm.big,1,2))) -> FEFFFFFF | L349: =HEX2DEC(D349) -> 0 | M349: =HEX2DEC(E349) -> 0 | N349: =HEX2DEC(F349) -> 0 | O349: {=_xlfn.IFS(M349<Data!$F$3,0,M349<Data!$F$4,1,TRUE,2)} -> 0 | P349: {=_xlfn.IFS(H349,3,N349<Data!$F$3,0,N349<Data!$F$4,1,TRUE,2)} -> 0
G350: {=_xlfn.CONCAT(IFERROR(I350:K350,""))} -> 0203000000000000 | H350: TRUE | I350: =_xlfn.LET(_xlpm.big,DEC2HEX(_xlfn.BITLSHIFT(M350-_xlfn.XLOOKUP(O350,Data!A:A,Data!F:F),4)+O350,8),_xlfn.CONCAT(MID(_xlpm.big,7,2),MID(_xlpm.big,5,2),MID(_xlpm.big,3,2),MID(_xlpm.big,1,2))) -> #NUM! | J350: =_xlfn.CONCAT("02",DEC2HEX(P350,2),"0000") -> 02030000 | K350: =_xlfn.LET(_xlpm.big,IF(H350,DEC2HEX(HEX2DEC(F350),8),DEC2HEX(N350-_xlfn.XLOOKUP(P350,Data!A:A,Data!F:F),8)),_xlfn.CONCAT(MID(_xlpm.big,7,2),MID(_xlpm.big,5,2),MID(_xlpm.big,3,2),MID(_xlpm.big,1,2))) -> 00000000 | L350: =HEX2DEC(D350) -> 0 | M350: =HEX2DEC(E350) -> 0 | N350: =HEX2DEC(F350) -> 0 | O350: {=_xlfn.IFS(M350<Data!$F$3,0,M350<Data!$F$4,1,TRUE,2)} -> 0 | P350: {=_xlfn.IFS(H350,3,N350<Data!$F$3,0,N350<Data!$F$4,1,TRUE,2)} -> 3
G351: {=_xlfn.CONCAT(IFERROR(I351:K351,""))} -> 0203000000000000 | H351: TRUE | I351: =_xlfn.LET(_xlpm.big,DEC2HEX(_xlfn.BITLSHIFT(M351-_xlfn.XLOOKUP(O351,Data!A:A,Data!F:F),4)+O351,8),_xlfn.CONCAT(MID(_xlpm.big,7,2),MID(_xlpm.big,5,2),MID(_xlpm.big,3,2),MID(_xlpm.big,1,2))) -> #NUM! | J351: =_xlfn.CONCAT("02",DEC2HEX(P351,2),"0000") -> 02030000 | K351: =_xlfn.LET(_xlpm.big,IF(H351,DEC2HEX(HEX2DEC(F351),8),DEC2HEX(N351-_xlfn.XLOOKUP(P351,Data!A:A,Data!F:F),8)),_xlfn.CONCAT(MID(_xlpm.big,7,2),MID(_xlpm.big,5,2),MID(_xlpm.big,3,2),MID(_xlpm.big,1,2))) -> 00000000 | L351: =HEX2DEC(D351) -> 0 | M351: =HEX2DEC(E351) -> 0 | N351: =HEX2DEC(F351) -> 0 | O351: {=_xlfn.IFS(M351<Data!$F$3,0,M351<Data!$F$4,1,TRUE,2)} -> 0 | P351: {=_xlfn.IFS(H351,3,N351<Data!$F$3,0,N351<Data!$F$4,1,TRUE,2)} -> 3
G352: {=_xlfn.CONCAT(IFERROR(I352:K352,""))} -> 0203000000000000 | H352: TRUE | I352: =_xlfn.LET(_xlpm.big,DEC2HEX(_xlfn.BITLSHIFT(M352-_xlfn.XLOOKUP(O352,Data!A:A,Data!F:F),4)+O352,8),_xlfn.CONCAT(MID(_xlpm.big,7,2),MID(_xlpm.big,5,2),MID(_xlpm.big,3,2),MID(_xlpm.big,1,2))) -> #NUM! | J352: =_xlfn.CONCAT("02",DEC2HEX(P352,2),"0000") -> 02030000 | K352: =_xlfn.LET(_xlpm.big,IF(H352,DEC2HEX(HEX2DEC(F352),8),DEC2HEX(N352-_xlfn.XLOOKUP(P352,Data!A:A,Data!F:F),8)),_xlfn.CONCAT(MID(_xlpm.big,7,2),MID(_xlpm.big,5,2),MID(_xlpm.big,3,2),MID(_xlpm.big,1,2))) -> 00000000 | L352: =HEX2DEC(D352) -> 0 | M352: =HEX2DEC(E352) -> 0 | N352: =HEX2DEC(F352) -> 0 | O352: {=_xlfn.IFS(M352<Data!$F$3,0,M352<Data!$F$4,1,TRUE,2)} -> 0 | P352: {=_xlfn.IFS(H352,3,N352<Data!$F$3,0,N352<Data!$F$4,1,TRUE,2)} -> 3
G353: {=_xlfn.CONCAT(IFERROR(I353:K353,""))} -> 0203000000000000 | H353: TRUE | I353: =_xlfn.LET(_xlpm.big,DEC2HEX(_xlfn.BITLSHIFT(M353-_xlfn.XLOOKUP(O353,Data!A:A,Data!F:F),4)+O353,8),_xlfn.CONCAT(MID(_xlpm.big,7,2),MID(_xlpm.big,5,2),MID(_xlpm.big,3,2),MID(_xlpm.big,1,2))) -> #NUM! | J353: =_xlfn.CONCAT("02",DEC2HEX(P353,2),"0000") -> 02030000 | K353: =_xlfn.LET(_xlpm.big,IF(H353,DEC2HEX(HEX2DEC(F353),8),DEC2HEX(N353-_xlfn.XLOOKUP(P353,Data!A:A,Data!F:F),8)),_xlfn.CONCAT(MID(_xlpm.big,7,2),MID(_xlpm.big,5,2),MID(_xlpm.big,3,2),MID(_xlpm.big,1,2))) -> 00000000 | L353: =HEX2DEC(D353) -> 0 | M353: =HEX2DEC(E353) -> 0 | N353: =HEX2DEC(F353) -> 0 | O353: {=_xlfn.IFS(M353<Data!$F$3,0,M353<Data!$F$4,1,TRUE,2)} -> 0 | P353: {=_xlfn.IFS(H353,3,N353<Data!$F$3,0,N353<Data!$F$4,1,TRUE,2)} -> 3
G354: {=_xlfn.CONCAT(IFERROR(I354:K354,""))} -> 02000000FEFFFFFF | I354: =_xlfn.LET(_xlpm.big,DEC2HEX(_xlfn.BITLSHIFT(M354-_xlfn.XLOOKUP(O354,Data!A:A,Data!F:F),4)+O354,8),_xlfn.CONCAT(MID(_xlpm.big,7,2),MID(_xlpm.big,5,2),MID(_xlpm.big,3,2),MID(_xlpm.big,1,2))) -> #NUM! | J354: =_xlfn.CONCAT("02",DEC2HEX(P354,2),"0000") -> 02000000 | K354: =_xlfn.LET(_xlpm.big,IF(H354,DEC2HEX(HEX2DEC(F354),8),DEC2HEX(N354-_xlfn.XLOOKUP(P354,Data!A:A,Data!F:F),8)),_xlfn.CONCAT(MID(_xlpm.big,7,2),MID(_xlpm.big,5,2),MID(_xlpm.big,3,2),MID(_xlpm.big,1,2))) -> FEFFFFFF | L354: =HEX2DEC(D354) -> 0 | M354: =HEX2DEC(E354) -> 0 | N354: =HEX2DEC(F354) -> 0 | O354: {=_xlfn.IFS(M354<Data!$F$3,0,M354<Data!$F$4,1,TRUE,2)} -> 0 | P354: {=_xlfn.IFS(H354,3,N354<Data!$F$3,0,N354<Data!$F$4,1,TRUE,2)} -> 0
G355: {=_xlfn.CONCAT(IFERROR(I355:K355,""))} -> 02000000FEFFFFFF | I355: =_xlfn.LET(_xlpm.big,DEC2HEX(_xlfn.BITLSHIFT(M355-_xlfn.XLOOKUP(O355,Data!A:A,Data!F:F),4)+O355,8),_xlfn.CONCAT(MID(_xlpm.big,7,2),MID(_xlpm.big,5,2),MID(_xlpm.big,3,2),MID(_xlpm.big,1,2))) -> #NUM! | J355: =_xlfn.CONCAT("02",DEC2HEX(P355,2),"0000") -> 02000000 | K355: =_xlfn.LET(_xlpm.big,IF(H355,DEC2HEX(HEX2DEC(F355),8),DEC2HEX(N355-_xlfn.XLOOKUP(P355,Data!A:A,Data!F:F),8)),_xlfn.CONCAT(MID(_xlpm.big,7,2),MID(_xlpm.big,5,2),MID(_xlpm.big,3,2),MID(_xlpm.big,1,2))) -> FEFFFFFF | L355: =HEX2DEC(D355) -> 0 | M355: =HEX2DEC(E355) -> 0 | N355: =HEX2DEC(F355) -> 0 | O355: {=_xlfn.IFS(M355<Data!$F$3,0,M355<Data!$F$4,1,TRUE,2)} -> 0 | P355: {=_xlfn.IFS(H355,3,N355<Data!$F$3,0,N355<Data!$F$4,1,TRUE,2)} -> 0
G356: {=_xlfn.CONCAT(IFERROR(I356:K356,""))} -> 02000000FEFFFFFF | I356: =_xlfn.LET(_xlpm.big,DEC2HEX(_xlfn.BITLSHIFT(M356-_xlfn.XLOOKUP(O356,Data!A:A,Data!F:F),4)+O356,8),_xlfn.CONCAT(MID(_xlpm.big,7,2),MID(_xlpm.big,5,2),MID(_xlpm.big,3,2),MID(_xlpm.big,1,2))) -> #NUM! | J356: =_xlfn.CONCAT("02",DEC2HEX(P356,2),"0000") -> 02000000 | K356: =_xlfn.LET(_xlpm.big,IF(H356,DEC2HEX(HEX2DEC(F356),8),DEC2HEX(N356-_xlfn.XLOOKUP(P356,Data!A:A,Data!F:F),8)),_xlfn.CONCAT(MID(_xlpm.big,7,2),MID(_xlpm.big,5,2),MID(_xlpm.big,3,2),MID(_xlpm.big,1,2))) -> FEFFFFFF | L356: =HEX2DEC(D356) -> 0 | M356: =HEX2DEC(E356) -> 0 | N356: =HEX2DEC(F356) -> 0 | O356: {=_xlfn.IFS(M356<Data!$F$3,0,M356<Data!$F$4,1,TRUE,2)} -> 0 | P356: {=_xlfn.IFS(H356,3,N356<Data!$F$3,0,N356<Data!$F$4,1,TRUE,2)} -> 0
G357: {=_xlfn.CONCAT(IFERROR(I357:K357,""))} -> 0203000000000000 | H357: TRUE | I357: =_xlfn.LET(_xlpm.big,DEC2HEX(_xlfn.BITLSHIFT(M357-_xlfn.XLOOKUP(O357,Data!A:A,Data!F:F),4)+O357,8),_xlfn.CONCAT(MID(_xlpm.big,7,2),MID(_xlpm.big,5,2),MID(_xlpm.big,3,2),MID(_xlpm.big,1,2))) -> #NUM! | J357: =_xlfn.CONCAT("02",DEC2HEX(P357,2),"0000") -> 02030000 | K357: =_xlfn.LET(_xlpm.big,IF(H357,DEC2HEX(HEX2DEC(F357),8),DEC2HEX(N357-_xlfn.XLOOKUP(P357,Data!A:A,Data!F:F),8)),_xlfn.CONCAT(MID(_xlpm.big,7,2),MID(_xlpm.big,5,2),MID(_xlpm.big,3,2),MID(_xlpm.big,1,2))) -> 00000000 | L357: =HEX2DEC(D357) -> 0 | M357: =HEX2DEC(E357) -> 0 | N357: =HEX2DEC(F357) -> 0 | O357: {=_xlfn.IFS(M357<Data!$F$3,0,M357<Data!$F$4,1,TRUE,2)} -> 0 | P357: {=_xlfn.IFS(H357,3,N357<Data!$F$3,0,N357<Data!$F$4,1,TRUE,2)} -> 3
G358: {=_xlfn.CONCAT(IFERROR(I358:K358,""))} -> 02000000FEFFFFFF | I358: =_xlfn.LET(_xlpm.big,DEC2HEX(_xlfn.BITLSHIFT(M358-_xlfn.XLOOKUP(O358,Data!A:A,Data!F:F),4)+O358,8),_xlfn.CONCAT(MID(_xlpm.big,7,2),MID(_xlpm.big,5,2),MID(_xlpm.big,3,2),MID(_xlpm.big,1,2))) -> #NUM! | J358: =_xlfn.CONCAT("02",DEC2HEX(P358,2),"0000") -> 02000000 | K358: =_xlfn.LET(_xlpm.big,IF(H358,DEC2HEX(HEX2DEC(F358),8),DEC2HEX(N358-_xlfn.XLOOKUP(P358,Data!A:A,Data!F:F),8)),_xlfn.CONCAT(MID(_xlpm.big,7,2),MID(_xlpm.big,5,2),MID(_xlpm.big,3,2),MID(_xlpm.big,1,2))) -> FEFFFFFF | L358: =HEX2DEC(D358) -> 0 | M358: =HEX2DEC(E358) -> 0 | N358: =HEX2DEC(F358) -> 0 | O358: {=_xlfn.IFS(M358<Data!$F$3,0,M358<Data!$F$4,1,TRUE,2)} -> 0 | P358: {=_xlfn.IFS(H358,3,N358<Data!$F$3,0,N358<Data!$F$4,1,TRUE,2)} -> 0
G359: {=_xlfn.CONCAT(IFERROR(I359:K359,""))} -> 02000000FEFFFFFF | I359: =_xlfn.LET(_xlpm.big,DEC2HEX(_xlfn.BITLSHIFT(M359-_xlfn.XLOOKUP(O359,Data!A:A,Data!F:F),4)+O359,8),_xlfn.CONCAT(MID(_xlpm.big,7,2),MID(_xlpm.big,5,2),MID(_xlpm.big,3,2),MID(_xlpm.big,1,2))) -> #NUM! | J359: =_xlfn.CONCAT("02",DEC2HEX(P359,2),"0000") -> 02000000 | K359: =_xlfn.LET(_xlpm.big,IF(H359,DEC2HEX(HEX2DEC(F359),8),DEC2HEX(N359-_xlfn.XLOOKUP(P359,Data!A:A,Data!F:F),8)),_xlfn.CONCAT(MID(_xlpm.big,7,2),MID(_xlpm.big,5,2),MID(_xlpm.big,3,2),MID(_xlpm.big,1,2))) -> FEFFFFFF | L359: =HEX2DEC(D359) -> 0 | M359: =HEX2DEC(E359) -> 0 | N359: =HEX2DEC(F359) -> 0 | O359: {=_xlfn.IFS(M359<Data!$F$3,0,M359<Data!$F$4,1,TRUE,2)} -> 0 | P359: {=_xlfn.IFS(H359,3,N359<Data!$F$3,0,N359<Data!$F$4,1,TRUE,2)} -> 0
G360: {=_xlfn.CONCAT(IFERROR(I360:K360,""))} -> 02000000FEFFFFFF | I360: =_xlfn.LET(_xlpm.big,DEC2HEX(_xlfn.BITLSHIFT(M360-_xlfn.XLOOKUP(O360,Data!A:A,Data!F:F),4)+O360,8),_xlfn.CONCAT(MID(_xlpm.big,7,2),MID(_xlpm.big,5,2),MID(_xlpm.big,3,2),MID(_xlpm.big,1,2))) -> #NUM! | J360: =_xlfn.CONCAT("02",DEC2HEX(P360,2),"0000") -> 02000000 | K360: =_xlfn.LET(_xlpm.big,IF(H360,DEC2HEX(HEX2DEC(F360),8),DEC2HEX(N360-_xlfn.XLOOKUP(P360,Data!A:A,Data!F:F),8)),_xlfn.CONCAT(MID(_xlpm.big,7,2),MID(_xlpm.big,5,2),MID(_xlpm.big,3,2),MID(_xlpm.big,1,2))) -> FEFFFFFF | L360: =HEX2DEC(D360) -> 0 | M360: =HEX2DEC(E360) -> 0 | N360: =HEX2DEC(F360) -> 0 | O360: {=_xlfn.IFS(M360<Data!$F$3,0,M360<Data!$F$4,1,TRUE,2)} -> 0 | P360: {=_xlfn.IFS(H360,3,N360<Data!$F$3,0,N360<Data!$F$4,1,TRUE,2)} -> 0
G361: {=_xlfn.CONCAT(IFERROR(I361:K361,""))} -> 02000000FEFFFFFF | I361: =_xlfn.LET(_xlpm.big,DEC2HEX(_xlfn.BITLSHIFT(M361-_xlfn.XLOOKUP(O361,Data!A:A,Data!F:F),4)+O361,8),_xlfn.CONCAT(MID(_xlpm.big,7,2),MID(_xlpm.big,5,2),MID(_xlpm.big,3,2),MID(_xlpm.big,1,2))) -> #NUM! | J361: =_xlfn.CONCAT("02",DEC2HEX(P361,2),"0000") -> 02000000 | K361: =_xlfn.LET(_xlpm.big,IF(H361,DEC2HEX(HEX2DEC(F361),8),DEC2HEX(N361-_xlfn.XLOOKUP(P361,Data!A:A,Data!F:F),8)),_xlfn.CONCAT(MID(_xlpm.big,7,2),MID(_xlpm.big,5,2),MID(_xlpm.big,3,2),MID(_xlpm.big,1,2))) -> FEFFFFFF | L361: =HEX2DEC(D361) -> 0 | M361: =HEX2DEC(E361) -> 0 | N361: =HEX2DEC(F361) -> 0 | O361: {=_xlfn.IFS(M361<Data!$F$3,0,M361<Data!$F$4,1,TRUE,2)} -> 0 | P361: {=_xlfn.IFS(H361,3,N361<Data!$F$3,0,N361<Data!$F$4,1,TRUE,2)} -> 0
G362: {=_xlfn.CONCAT(IFERROR(I362:K362,""))} -> 0203000000000000 | H362: TRUE | I362: =_xlfn.LET(_xlpm.big,DEC2HEX(_xlfn.BITLSHIFT(M362-_xlfn.XLOOKUP(O362,Data!A:A,Data!F:F),4)+O362,8),_xlfn.CONCAT(MID(_xlpm.big,7,2),MID(_xlpm.big,5,2),MID(_xlpm.big,3,2),MID(_xlpm.big,1,2))) -> #NUM! | J362: =_xlfn.CONCAT("02",DEC2HEX(P362,2),"0000") -> 02030000 | K362: =_xlfn.LET(_xlpm.big,IF(H362,DEC2HEX(HEX2DEC(F362),8),DEC2HEX(N362-_xlfn.XLOOKUP(P362,Data!A:A,Data!F:F),8)),_xlfn.CONCAT(MID(_xlpm.big,7,2),MID(_xlpm.big,5,2),MID(_xlpm.big,3,2),MID(_xlpm.big,1,2))) -> 00000000 | L362: =HEX2DEC(D362) -> 0 | M362: =HEX2DEC(E362) -> 0 | N362: =HEX2DEC(F362) -> 0 | O362: {=_xlfn.IFS(M362<Data!$F$3,0,M362<Data!$F$4,1,TRUE,2)} -> 0 | P362: {=_xlfn.IFS(H362,3,N362<Data!$F$3,0,N362<Data!$F$4,1,TRUE,2)} -> 3
G363: {=_xlfn.CONCAT(IFERROR(I363:K363,""))} -> 02000000FEFFFFFF | I363: =_xlfn.LET(_xlpm.big,DEC2HEX(_xlfn.BITLSHIFT(M363-_xlfn.XLOOKUP(O363,Data!A:A,Data!F:F),4)+O363,8),_xlfn.CONCAT(MID(_xlpm.big,7,2),MID(_xlpm.big,5,2),MID(_xlpm.big,3,2),MID(_xlpm.big,1,2))) -> #NUM! | J363: =_xlfn.CONCAT("02",DEC2HEX(P363,2),"0000") -> 02000000 | K363: =_xlfn.LET(_xlpm.big,IF(H363,DEC2HEX(HEX2DEC(F363),8),DEC2HEX(N363-_xlfn.XLOOKUP(P363,Data!A:A,Data!F:F),8)),_xlfn.CONCAT(MID(_xlpm.big,7,2),MID(_xlpm.big,5,2),MID(_xlpm.big,3,2),MID(_xlpm.big,1,2))) -> FEFFFFFF | L363: =HEX2DEC(D363) -> 0 | M363: =HEX2DEC(E363) -> 0 | N363: =HEX2DEC(F363) -> 0 | O363: {=_xlfn.IFS(M363<Data!$F$3,0,M363<Data!$F$4,1,TRUE,2)} -> 0 | P363: {=_xlfn.IFS(H363,3,N363<Data!$F$3,0,N363<Data!$F$4,1,TRUE,2)} -> 0
G364: {=_xlfn.CONCAT(IFERROR(I364:K364,""))} -> 02000000FEFFFFFF | I364: =_xlfn.LET(_xlpm.big,DEC2HEX(_xlfn.BITLSHIFT(M364-_xlfn.XLOOKUP(O364,Data!A:A,Data!F:F),4)+O364,8),_xlfn.CONCAT(MID(_xlpm.big,7,2),MID(_xlpm.big,5,2),MID(_xlpm.big,3,2),MID(_xlpm.big,1,2))) -> #NUM! | J364: =_xlfn.CONCAT("02",DEC2HEX(P364,2),"0000") -> 02000000 | K364: =_xlfn.LET(_xlpm.big,IF(H364,DEC2HEX(HEX2DEC(F364),8),DEC2HEX(N364-_xlfn.XLOOKUP(P364,Data!A:A,Data!F:F),8)),_xlfn.CONCAT(MID(_xlpm.big,7,2),MID(_xlpm.big,5,2),MID(_xlpm.big,3,2),MID(_xlpm.big,1,2))) -> FEFFFFFF | L364: =HEX2DEC(D364) -> 0 | M364: =HEX2DEC(E364) -> 0 | N364: =HEX2DEC(F364) -> 0 | O364: {=_xlfn.IFS(M364<Data!$F$3,0,M364<Data!$F$4,1,TRUE,2)} -> 0 | P364: {=_xlfn.IFS(H364,3,N364<Data!$F$3,0,N364<Data!$F$4,1,TRUE,2)} -> 0
G365: {=_xlfn.CONCAT(IFERROR(I365:K365,""))} -> 02000000FEFFFFFF | I365: =_xlfn.LET(_xlpm.big,DEC2HEX(_xlfn.BITLSHIFT(M365-_xlfn.XLOOKUP(O365,Data!A:A,Data!F:F),4)+O365,8),_xlfn.CONCAT(MID(_xlpm.big,7,2),MID(_xlpm.big,5,2),MID(_xlpm.big,3,2),MID(_xlpm.big,1,2))) -> #NUM! | J365: =_xlfn.CONCAT("02",DEC2HEX(P365,2),"0000") -> 02000000 | K365: =_xlfn.LET(_xlpm.big,IF(H365,DEC2HEX(HEX2DEC(F365),8),DEC2HEX(N365-_xlfn.XLOOKUP(P365,Data!A:A,Data!F:F),8)),_xlfn.CONCAT(MID(_xlpm.big,7,2),MID(_xlpm.big,5,2),MID(_xlpm.big,3,2),MID(_xlpm.big,1,2))) -> FEFFFFFF | L365: =HEX2DEC(D365) -> 0 | M365: =HEX2DEC(E365) -> 0 | N365: =HEX2DEC(F365) -> 0 | O365: {=_xlfn.IFS(M365<Data!$F$3,0,M365<Data!$F$4,1,TRUE,2)} -> 0 | P365: {=_xlfn.IFS(H365,3,N365<Data!$F$3,0,N365<Data!$F$4,1,TRUE,2)} -> 0
G366: {=_xlfn.CONCAT(IFERROR(I366:K366,""))} -> 02000000FEFFFFFF | I366: =_xlfn.LET(_xlpm.big,DEC2HEX(_xlfn.BITLSHIFT(M366-_xlfn.XLOOKUP(O366,Data!A:A,Data!F:F),4)+O366,8),_xlfn.CONCAT(MID(_xlpm.big,7,2),MID(_xlpm.big,5,2),MID(_xlpm.big,3,2),MID(_xlpm.big,1,2))) -> #NUM! | J366: =_xlfn.CONCAT("02",DEC2HEX(P366,2),"0000") -> 02000000 | K366: =_xlfn.LET(_xlpm.big,IF(H366,DEC2HEX(HEX2DEC(F366),8),DEC2HEX(N366-_xlfn.XLOOKUP(P366,Data!A:A,Data!F:F),8)),_xlfn.CONCAT(MID(_xlpm.big,7,2),MID(_xlpm.big,5,2),MID(_xlpm.big,3,2),MID(_xlpm.big,1,2))) -> FEFFFFFF | L366: =HEX2DEC(D366) -> 0 | M366: =HEX2DEC(E366) -> 0 | N366: =HEX2DEC(F366) -> 0 | O366: {=_xlfn.IFS(M366<Data!$F$3,0,M366<Data!$F$4,1,TRUE,2)} -> 0 | P366: {=_xlfn.IFS(H366,3,N366<Data!$F$3,0,N366<Data!$F$4,1,TRUE,2)} -> 0
G367: {=_xlfn.CONCAT(IFERROR(I367:K367,""))} -> 02000000FEFFFFFF | I367: =_xlfn.LET(_xlpm.big,DEC2HEX(_xlfn.BITLSHIFT(M367-_xlfn.XLOOKUP(O367,Data!A:A,Data!F:F),4)+O367,8),_xlfn.CONCAT(MID(_xlpm.big,7,2),MID(_xlpm.big,5,2),MID(_xlpm.big,3,2),MID(_xlpm.big,1,2))) -> #NUM! | J367: =_xlfn.CONCAT("02",DEC2HEX(P367,2),"0000") -> 02000000 | K367: =_xlfn.LET(_xlpm.big,IF(H367,DEC2HEX(HEX2DEC(F367),8),DEC2HEX(N367-_xlfn.XLOOKUP(P367,Data!A:A,Data!F:F),8)),_xlfn.CONCAT(MID(_xlpm.big,7,2),MID(_xlpm.big,5,2),MID(_xlpm.big,3,2),MID(_xlpm.big,1,2))) -> FEFFFFFF | L367: =HEX2DEC(D367) -> 0 | M367: =HEX2DEC(E367) -> 0 | N367: =HEX2DEC(F367) -> 0 | O367: {=_xlfn.IFS(M367<Data!$F$3,0,M367<Data!$F$4,1,TRUE,2)} -> 0 | P367: {=_xlfn.IFS(H367,3,N367<Data!$F$3,0,N367<Data!$F$4,1,TRUE,2)} -> 0
G368: {=_xlfn.CONCAT(IFERROR(I368:K368,""))} -> 02000000FEFFFFFF | I368: =_xlfn.LET(_xlpm.big,DEC2HEX(_xlfn.BITLSHIFT(M368-_xlfn.XLOOKUP(O368,Data!A:A,Data!F:F),4)+O368,8),_xlfn.CONCAT(MID(_xlpm.big,7,2),MID(_xlpm.big,5,2),MID(_xlpm.big,3,2),MID(_xlpm.big,1,2))) -> #NUM! | J368: =_xlfn.CONCAT("02",DEC2HEX(P368,2),"0000") -> 02000000 | K368: =_xlfn.LET(_xlpm.big,IF(H368,DEC2HEX(HEX2DEC(F368),8),DEC2HEX(N368-_xlfn.XLOOKUP(P368,Data!A:A,Data!F:F),8)),_xlfn.CONCAT(MID(_xlpm.big,7,2),MID(_xlpm.big,5,2),MID(_xlpm.big,3,2),MID(_xlpm.big,1,2))) -> FEFFFFFF | L368: =HEX2DEC(D368) -> 0 | M368: =HEX2DEC(E368) -> 0 | N368: =HEX2DEC(F368) -> 0 | O368: {=_xlfn.IFS(M368<Data!$F$3,0,M368<Data!$F$4,1,TRUE,2)} -> 0 | P368: {=_xlfn.IFS(H368,3,N368<Data!$F$3,0,N368<Data!$F$4,1,TRUE,2)} -> 0
G369: {=_xlfn.CONCAT(IFERROR(I369:K369,""))} -> 02000000FEFFFFFF | I369: =_xlfn.LET(_xlpm.big,DEC2HEX(_xlfn.BITLSHIFT(M369-_xlfn.XLOOKUP(O369,Data!A:A,Data!F:F),4)+O369,8),_xlfn.CONCAT(MID(_xlpm.big,7,2),MID(_xlpm.big,5,2),MID(_xlpm.big,3,2),MID(_xlpm.big,1,2))) -> #NUM! | J369: =_xlfn.CONCAT("02",DEC2HEX(P369,2),"0000") -> 02000000 | K369: =_xlfn.LET(_xlpm.big,IF(H369,DEC2HEX(HEX2DEC(F369),8),DEC2HEX(N369-_xlfn.XLOOKUP(P369,Data!A:A,Data!F:F),8)),_xlfn.CONCAT(MID(_xlpm.big,7,2),MID(_xlpm.big,5,2),MID(_xlpm.big,3,2),MID(_xlpm.big,1,2))) -> FEFFFFFF | L369: =HEX2DEC(D369) -> 0 | M369: =HEX2DEC(E369) -> 0 | N369: =HEX2DEC(F369) -> 0 | O369: {=_xlfn.IFS(M369<Data!$F$3,0,M369<Data!$F$4,1,TRUE,2)} -> 0 | P369: {=_xlfn.IFS(H369,3,N369<Data!$F$3,0,N369<Data!$F$4,1,TRUE,2)} -> 0
G370: {=_xlfn.CONCAT(IFERROR(I370:K370,""))} -> 02000000FEFFFFFF | I370: =_xlfn.LET(_xlpm.big,DEC2HEX(_xlfn.BITLSHIFT(M370-_xlfn.XLOOKUP(O370,Data!A:A,Data!F:F),4)+O370,8),_xlfn.CONCAT(MID(_xlpm.big,7,2),MID(_xlpm.big,5,2),MID(_xlpm.big,3,2),MID(_xlpm.big,1,2))) -> #NUM! | J370: =_xlfn.CONCAT("02",DEC2HEX(P370,2),"0000") -> 02000000 | K370: =_xlfn.LET(_xlpm.big,IF(H370,DEC2HEX(HEX2DEC(F370),8),DEC2HEX(N370-_xlfn.XLOOKUP(P370,Data!A:A,Data!F:F),8)),_xlfn.CONCAT(MID(_xlpm.big,7,2),MID(_xlpm.big,5,2),MID(_xlpm.big,3,2),MID(_xlpm.big,1,2))) -> FEFFFFFF | L370: =HEX2DEC(D370) -> 0 | M370: =HEX2DEC(E370) -> 0 | N370: =HEX2DEC(F370) -> 0 | O370: {=_xlfn.IFS(M370<Data!$F$3,0,M370<Data!$F$4,1,TRUE,2)} -> 0 | P370: {=_xlfn.IFS(H370,3,N370<Data!$F$3,0,N370<Data!$F$4,1,TRUE,2)} -> 0
G371: {=_xlfn.CONCAT(IFERROR(I371:K371,""))} -> 02000000FEFFFFFF | I371: =_xlfn.LET(_xlpm.big,DEC2HEX(_xlfn.BITLSHIFT(M371-_xlfn.XLOOKUP(O371,Data!A:A,Data!F:F),4)+O371,8),_xlfn.CONCAT(MID(_xlpm.big,7,2),MID(_xlpm.big,5,2),MID(_xlpm.big,3,2),MID(_xlpm.big,1,2))) -> #NUM! | J371: =_xlfn.CONCAT("02",DEC2HEX(P371,2),"0000") -> 02000000 | K371: =_xlfn.LET(_xlpm.big,IF(H371,DEC2HEX(HEX2DEC(F371),8),DEC2HEX(N371-_xlfn.XLOOKUP(P371,Data!A:A,Data!F:F),8)),_xlfn.CONCAT(MID(_xlpm.big,7,2),MID(_xlpm.big,5,2),MID(_xlpm.big,3,2),MID(_xlpm.big,1,2))) -> FEFFFFFF | L371: =HEX2DEC(D371) -> 0 | M371: =HEX2DEC(E371) -> 0 | N371: =HEX2DEC(F371) -> 0 | O371: {=_xlfn.IFS(M371<Data!$F$3,0,M371<Data!$F$4,1,TRUE,2)} -> 0 | P371: {=_xlfn.IFS(H371,3,N371<Data!$F$3,0,N371<Data!$F$4,1,TRUE,2)} -> 0
G372: {=_xlfn.CONCAT(IFERROR(I372:K372,""))} -> 02000000FEFFFFFF | I372: =_xlfn.LET(_xlpm.big,DEC2HEX(_xlfn.BITLSHIFT(M372-_xlfn.XLOOKUP(O372,Data!A:A,Data!F:F),4)+O372,8),_xlfn.CONCAT(MID(_xlpm.big,7,2),MID(_xlpm.big,5,2),MID(_xlpm.big,3,2),MID(_xlpm.big,1,2))) -> #NUM! | J372: =_xlfn.CONCAT("02",DEC2HEX(P372,2),"0000") -> 02000000 | K372: =_xlfn.LET(_xlpm.big,IF(H372,DEC2HEX(HEX2DEC(F372),8),DEC2HEX(N372-_xlfn.XLOOKUP(P372,Data!A:A,Data!F:F),8)),_xlfn.CONCAT(MID(_xlpm.big,7,2),MID(_xlpm.big,5,2),MID(_xlpm.big,3,2),MID(_xlpm.big,1,2))) -> FEFFFFFF | L372: =HEX2DEC(D372) -> 0 | M372: =HEX2DEC(E372) -> 0 | N372: =HEX2DEC(F372) -> 0 | O372: {=_xlfn.IFS(M372<Data!$F$3,0,M372<Data!$F$4,1,TRUE,2)} -> 0 | P372: {=_xlfn.IFS(H372,3,N372<Data!$F$3,0,N372<Data!$F$4,1,TRUE,2)} -> 0
G373: {=_xlfn.CONCAT(IFERROR(I373:K373,""))} -> 02000000FEFFFFFF | I373: =_xlfn.LET(_xlpm.big,DEC2HEX(_xlfn.BITLSHIFT(M373-_xlfn.XLOOKUP(O373,Data!A:A,Data!F:F),4)+O373,8),_xlfn.CONCAT(MID(_xlpm.big,7,2),MID(_xlpm.big,5,2),MID(_xlpm.big,3,2),MID(_xlpm.big,1,2))) -> #NUM! | J373: =_xlfn.CONCAT("02",DEC2HEX(P373,2),"0000") -> 02000000 | K373: =_xlfn.LET(_xlpm.big,IF(H373,DEC2HEX(HEX2DEC(F373),8),DEC2HEX(N373-_xlfn.XLOOKUP(P373,Data!A:A,Data!F:F),8)),_xlfn.CONCAT(MID(_xlpm.big,7,2),MID(_xlpm.big,5,2),MID(_xlpm.big,3,2),MID(_xlpm.big,1,2))) -> FEFFFFFF | L373: =HEX2DEC(D373) -> 0 | M373: =HEX2DEC(E373) -> 0 | N373: =HEX2DEC(F373) -> 0 | O373: {=_xlfn.IFS(M373<Data!$F$3,0,M373<Data!$F$4,1,TRUE,2)} -> 0 | P373: {=_xlfn.IFS(H373,3,N373<Data!$F$3,0,N373<Data!$F$4,1,TRUE,2)} -> 0
G374: {=_xlfn.CONCAT(IFERROR(I374:K374,""))} -> 02000000FEFFFFFF | I374: =_xlfn.LET(_xlpm.big,DEC2HEX(_xlfn.BITLSHIFT(M374-_xlfn.XLOOKUP(O374,Data!A:A,Data!F:F),4)+O374,8),_xlfn.CONCAT(MID(_xlpm.big,7,2),MID(_xlpm.big,5,2),MID(_xlpm.big,3,2),MID(_xlpm.big,1,2))) -> #NUM! | J374: =_xlfn.CONCAT("02",DEC2HEX(P374,2),"0000") -> 02000000 | K374: =_xlfn.LET(_xlpm.big,IF(H374,DEC2HEX(HEX2DEC(F374),8),DEC2HEX(N374-_xlfn.XLOOKUP(P374,Data!A:A,Data!F:F),8)),_xlfn.CONCAT(MID(_xlpm.big,7,2),MID(_xlpm.big,5,2),MID(_xlpm.big,3,2),MID(_xlpm.big,1,2))) -> FEFFFFFF | L374: =HEX2DEC(D374) -> 0 | M374: =HEX2DEC(E374) -> 0 | N374: =HEX2DEC(F374) -> 0 | O374: {=_xlfn.IFS(M374<Data!$F$3,0,M374<Data!$F$4,1,TRUE,2)} -> 0 | P374: {=_xlfn.IFS(H374,3,N374<Data!$F$3,0,N374<Data!$F$4,1,TRUE,2)} -> 0
... G395: {=_xlfn.CONCAT(IFERROR(I395:K395,""))} -> 02000000FEFFFFFF | I395: =_xlfn.LET(_xlpm.big,DEC2HEX(_xlfn.BITLSHIFT(M395-_xlfn.XLOOKUP(O395,Data!A:A,Data!F:F),4)+O395,8),_xlfn.CONCAT(MID(_xlpm.big,7,2),MID(_xlpm.big,5,2),MID(_xlpm.big,3,2),MID(_xlpm.big,1,2))) -> #NUM! | J395: =_xlfn.CONCAT("02",DEC2HEX(P395,2),"0000") -> 02000000 | K395: =_xlfn.LET(_xlpm.big,IF(H395,DEC2HEX(HEX2DEC(F395),8),DEC2HEX(N395-_xlfn.XLOOKUP(P395,Data!A:A,Data!F:F),8)),_xlfn.CONCAT(MID(_xlpm.big,7,2),MID(_xlpm.big,5,2),MID(_xlpm.big,3,2),MID(_xlpm.big,1,2))) -> FEFFFFFF | L395: =HEX2DEC(D395) -> 0 | M395: =HEX2DEC(E395) -> 0 | N395: =HEX2DEC(F395) -> 0 | O395: {=_xlfn.IFS(M395<Data!$F$3,0,M395<Data!$F$4,1,TRUE,2)} -> 0 | P395: {=_xlfn.IFS(H395,3,N395<Data!$F$3,0,N395<Data!$F$4,1,TRUE,2)} -> 0
G396: {=_xlfn.CONCAT(IFERROR(I396:K396,""))} -> 0203000000000000 | H396: TRUE | I396: =_xlfn.LET(_xlpm.big,DEC2HEX(_xlfn.BITLSHIFT(M396-_xlfn.XLOOKUP(O396,Data!A:A,Data!F:F),4)+O396,8),_xlfn.CONCAT(MID(_xlpm.big,7,2),MID(_xlpm.big,5,2),MID(_xlpm.big,3,2),MID(_xlpm.big,1,2))) -> #NUM! | J396: =_xlfn.CONCAT("02",DEC2HEX(P396,2),"0000") -> 02030000 | K396: =_xlfn.LET(_xlpm.big,IF(H396,DEC2HEX(HEX2DEC(F396),8),DEC2HEX(N396-_xlfn.XLOOKUP(P396,Data!A:A,Data!F:F),8)),_xlfn.CONCAT(MID(_xlpm.big,7,2),MID(_xlpm.big,5,2),MID(_xlpm.big,3,2),MID(_xlpm.big,1,2))) -> 00000000 | L396: =HEX2DEC(D396) -> 0 | M396: =HEX2DEC(E396) -> 0 | N396: =HEX2DEC(F396) -> 0 | O396: {=_xlfn.IFS(M396<Data!$F$3,0,M396<Data!$F$4,1,TRUE,2)} -> 0 | P396: {=_xlfn.IFS(H396,3,N396<Data!$F$3,0,N396<Data!$F$4,1,TRUE,2)} -> 3
G397: {=_xlfn.CONCAT(IFERROR(I397:K397,""))} -> 0203000000000000 | H397: TRUE | I397: =_xlfn.LET(_xlpm.big,DEC2HEX(_xlfn.BITLSHIFT(M397-_xlfn.XLOOKUP(O397,Data!A:A,Data!F:F),4)+O397,8),_xlfn.CONCAT(MID(_xlpm.big,7,2),MID(_xlpm.big,5,2),MID(_xlpm.big,3,2),MID(_xlpm.big,1,2))) -> #NUM! | J397: =_xlfn.CONCAT("02",DEC2HEX(P397,2),"0000") -> 02030000 | K397: =_xlfn.LET(_xlpm.big,IF(H397,DEC2HEX(HEX2DEC(F397),8),DEC2HEX(N397-_xlfn.XLOOKUP(P397,Data!A:A,Data!F:F),8)),_xlfn.CONCAT(MID(_xlpm.big,7,2),MID(_xlpm.big,5,2),MID(_xlpm.big,3,2),MID(_xlpm.big,1,2))) -> 00000000 | L397: =HEX2DEC(D397) -> 0 | M397: =HEX2DEC(E397) -> 0 | N397: =HEX2DEC(F397) -> 0 | O397: {=_xlfn.IFS(M397<Data!$F$3,0,M397<Data!$F$4,1,TRUE,2)} -> 0 | P397: {=_xlfn.IFS(H397,3,N397<Data!$F$3,0,N397<Data!$F$4,1,TRUE,2)} -> 3
G398: {=_xlfn.CONCAT(IFERROR(I398:K398,""))} -> 0203000000000000 | H398: TRUE | I398: =_xlfn.LET(_xlpm.big,DEC2HEX(_xlfn.BITLSHIFT(M398-_xlfn.XLOOKUP(O398,Data!A:A,Data!F:F),4)+O398,8),_xlfn.CONCAT(MID(_xlpm.big,7,2),MID(_xlpm.big,5,2),MID(_xlpm.big,3,2),MID(_xlpm.big,1,2))) -> #NUM! | J398: =_xlfn.CONCAT("02",DEC2HEX(P398,2),"0000") -> 02030000 | K398: =_xlfn.LET(_xlpm.big,IF(H398,DEC2HEX(HEX2DEC(F398),8),DEC2HEX(N398-_xlfn.XLOOKUP(P398,Data!A:A,Data!F:F),8)),_xlfn.CONCAT(MID(_xlpm.big,7,2),MID(_xlpm.big,5,2),MID(_xlpm.big,3,2),MID(_xlpm.big,1,2))) -> 00000000 | L398: =HEX2DEC(D398) -> 0 | M398: =HEX2DEC(E398) -> 0 | N398: =HEX2DEC(F398) -> 0 | O398: {=_xlfn.IFS(M398<Data!$F$3,0,M398<Data!$F$4,1,TRUE,2)} -> 0 | P398: {=_xlfn.IFS(H398,3,N398<Data!$F$3,0,N398<Data!$F$4,1,TRUE,2)} -> 3
G399: {=_xlfn.CONCAT(IFERROR(I399:K399,""))} -> 02000000FEFFFFFF | I399: =_xlfn.LET(_xlpm.big,DEC2HEX(_xlfn.BITLSHIFT(M399-_xlfn.XLOOKUP(O399,Data!A:A,Data!F:F),4)+O399,8),_xlfn.CONCAT(MID(_xlpm.big,7,2),MID(_xlpm.big,5,2),MID(_xlpm.big,3,2),MID(_xlpm.big,1,2))) -> #NUM! | J399: =_xlfn.CONCAT("02",DEC2HEX(P399,2),"0000") -> 02000000 | K399: =_xlfn.LET(_xlpm.big,IF(H399,DEC2HEX(HEX2DEC(F399),8),DEC2HEX(N399-_xlfn.XLOOKUP(P399,Data!A:A,Data!F:F),8)),_xlfn.CONCAT(MID(_xlpm.big,7,2),MID(_xlpm.big,5,2),MID(_xlpm.big,3,2),MID(_xlpm.big,1,2))) -> FEFFFFFF | L399: =HEX2DEC(D399) -> 0 | M399: =HEX2DEC(E399) -> 0 | N399: =HEX2DEC(F399) -> 0 | O399: {=_xlfn.IFS(M399<Data!$F$3,0,M399<Data!$F$4,1,TRUE,2)} -> 0 | P399: {=_xlfn.IFS(H399,3,N399<Data!$F$3,0,N399<Data!$F$4,1,TRUE,2)} -> 0
G400: {=_xlfn.CONCAT(IFERROR(I400:K400,""))} -> 02000000FEFFFFFF | I400: =_xlfn.LET(_xlpm.big,DEC2HEX(_xlfn.BITLSHIFT(M400-_xlfn.XLOOKUP(O400,Data!A:A,Data!F:F),4)+O400,8),_xlfn.CONCAT(MID(_xlpm.big,7,2),MID(_xlpm.big,5,2),MID(_xlpm.big,3,2),MID(_xlpm.big,1,2))) -> #NUM! | J400: =_xlfn.CONCAT("02",DEC2HEX(P400,2),"0000") -> 02000000 | K400: =_xlfn.LET(_xlpm.big,IF(H400,DEC2HEX(HEX2DEC(F400),8),DEC2HEX(N400-_xlfn.XLOOKUP(P400,Data!A:A,Data!F:F),8)),_xlfn.CONCAT(MID(_xlpm.big,7,2),MID(_xlpm.big,5,2),MID(_xlpm.big,3,2),MID(_xlpm.big,1,2))) -> FEFFFFFF | L400: =HEX2DEC(D400) -> 0 | M400: =HEX2DEC(E400) -> 0 | N400: =HEX2DEC(F400) -> 0 | O400: {=_xlfn.IFS(M400<Data!$F$3,0,M400<Data!$F$4,1,TRUE,2)} -> 0 | P400: {=_xlfn.IFS(H400,3,N400<Data!$F$3,0,N400<Data!$F$4,1,TRUE,2)} -> 0
G401: {=_xlfn.CONCAT(IFERROR(I401:K401,""))} -> 02000000FEFFFFFF | I401: =_xlfn.LET(_xlpm.big,DEC2HEX(_xlfn.BITLSHIFT(M401-_xlfn.XLOOKUP(O401,Data!A:A,Data!F:F),4)+O401,8),_xlfn.CONCAT(MID(_xlpm.big,7,2),MID(_xlpm.big,5,2),MID(_xlpm.big,3,2),MID(_xlpm.big,1,2))) -> #NUM! | J401: =_xlfn.CONCAT("02",DEC2HEX(P401,2),"0000") -> 02000000 | K401: =_xlfn.LET(_xlpm.big,IF(H401,DEC2HEX(HEX2DEC(F401),8),DEC2HEX(N401-_xlfn.XLOOKUP(P401,Data!A:A,Data!F:F),8)),_xlfn.CONCAT(MID(_xlpm.big,7,2),MID(_xlpm.big,5,2),MID(_xlpm.big,3,2),MID(_xlpm.big,1,2))) -> FEFFFFFF | L401: =HEX2DEC(D401) -> 0 | M401: =HEX2DEC(E401) -> 0 | N401: =HEX2DEC(F401) -> 0 | O401: {=_xlfn.IFS(M401<Data!$F$3,0,M401<Data!$F$4,1,TRUE,2)} -> 0 | P401: {=_xlfn.IFS(H401,3,N401<Data!$F$3,0,N401<Data!$F$4,1,TRUE,2)} -> 0
G402: {=_xlfn.CONCAT(IFERROR(I402:K402,""))} -> 02000000FEFFFFFF | I402: =_xlfn.LET(_xlpm.big,DEC2HEX(_xlfn.BITLSHIFT(M402-_xlfn.XLOOKUP(O402,Data!A:A,Data!F:F),4)+O402,8),_xlfn.CONCAT(MID(_xlpm.big,7,2),MID(_xlpm.big,5,2),MID(_xlpm.big,3,2),MID(_xlpm.big,1,2))) -> #NUM! | J402: =_xlfn.CONCAT("02",DEC2HEX(P402,2),"0000") -> 02000000 | K402: =_xlfn.LET(_xlpm.big,IF(H402,DEC2HEX(HEX2DEC(F402),8),DEC2HEX(N402-_xlfn.XLOOKUP(P402,Data!A:A,Data!F:F),8)),_xlfn.CONCAT(MID(_xlpm.big,7,2),MID(_xlpm.big,5,2),MID(_xlpm.big,3,2),MID(_xlpm.big,1,2))) -> FEFFFFFF | L402: =HEX2DEC(D402) -> 0 | M402: =HEX2DEC(E402) -> 0 | N402: =HEX2DEC(F402) -> 0 | O402: {=_xlfn.IFS(M402<Data!$F$3,0,M402<Data!$F$4,1,TRUE,2)} -> 0 | P402: {=_xlfn.IFS(H402,3,N402<Data!$F$3,0,N402<Data!$F$4,1,TRUE,2)} -> 0
G403: {=_xlfn.CONCAT(IFERROR(I403:K403,""))} -> 02000000FEFFFFFF | I403: =_xlfn.LET(_xlpm.big,DEC2HEX(_xlfn.BITLSHIFT(M403-_xlfn.XLOOKUP(O403,Data!A:A,Data!F:F),4)+O403,8),_xlfn.CONCAT(MID(_xlpm.big,7,2),MID(_xlpm.big,5,2),MID(_xlpm.big,3,2),MID(_xlpm.big,1,2))) -> #NUM! | J403: =_xlfn.CONCAT("02",DEC2HEX(P403,2),"0000") -> 02000000 | K403: =_xlfn.LET(_xlpm.big,IF(H403,DEC2HEX(HEX2DEC(F403),8),DEC2HEX(N403-_xlfn.XLOOKUP(P403,Data!A:A,Data!F:F),8)),_xlfn.CONCAT(MID(_xlpm.big,7,2),MID(_xlpm.big,5,2),MID(_xlpm.big,3,2),MID(_xlpm.big,1,2))) -> FEFFFFFF | L403: =HEX2DEC(D403) -> 0 | M403: =HEX2DEC(E403) -> 0 | N403: =HEX2DEC(F403) -> 0 | O403: {=_xlfn.IFS(M403<Data!$F$3,0,M403<Data!$F$4,1,TRUE,2)} -> 0 | P403: {=_xlfn.IFS(H403,3,N403<Data!$F$3,0,N403<Data!$F$4,1,TRUE,2)} -> 0
G404: {=_xlfn.CONCAT(IFERROR(I404:K404,""))} -> 02000000FEFFFFFF | I404: =_xlfn.LET(_xlpm.big,DEC2HEX(_xlfn.BITLSHIFT(M404-_xlfn.XLOOKUP(O404,Data!A:A,Data!F:F),4)+O404,8),_xlfn.CONCAT(MID(_xlpm.big,7,2),MID(_xlpm.big,5,2),MID(_xlpm.big,3,2),MID(_xlpm.big,1,2))) -> #NUM! | J404: =_xlfn.CONCAT("02",DEC2HEX(P404,2),"0000") -> 02000000 | K404: =_xlfn.LET(_xlpm.big,IF(H404,DEC2HEX(HEX2DEC(F404),8),DEC2HEX(N404-_xlfn.XLOOKUP(P404,Data!A:A,Data!F:F),8)),_xlfn.CONCAT(MID(_xlpm.big,7,2),MID(_xlpm.big,5,2),MID(_xlpm.big,3,2),MID(_xlpm.big,1,2))) -> FEFFFFFF | L404: =HEX2DEC(D404) -> 0 | M404: =HEX2DEC(E404) -> 0 | N404: =HEX2DEC(F404) -> 0 | O404: {=_xlfn.IFS(M404<Data!$F$3,0,M404<Data!$F$4,1,TRUE,2)} -> 0 | P404: {=_xlfn.IFS(H404,3,N404<Data!$F$3,0,N404<Data!$F$4,1,TRUE,2)} -> 0
G405: {=_xlfn.CONCAT(IFERROR(I405:K405,""))} -> 02000000FEFFFFFF | I405: =_xlfn.LET(_xlpm.big,DEC2HEX(_xlfn.BITLSHIFT(M405-_xlfn.XLOOKUP(O405,Data!A:A,Data!F:F),4)+O405,8),_xlfn.CONCAT(MID(_xlpm.big,7,2),MID(_xlpm.big,5,2),MID(_xlpm.big,3,2),MID(_xlpm.big,1,2))) -> #NUM! | J405: =_xlfn.CONCAT("02",DEC2HEX(P405,2),"0000") -> 02000000 | K405: =_xlfn.LET(_xlpm.big,IF(H405,DEC2HEX(HEX2DEC(F405),8),DEC2HEX(N405-_xlfn.XLOOKUP(P405,Data!A:A,Data!F:F),8)),_xlfn.CONCAT(MID(_xlpm.big,7,2),MID(_xlpm.big,5,2),MID(_xlpm.big,3,2),MID(_xlpm.big,1,2))) -> FEFFFFFF | L405: =HEX2DEC(D405) -> 0 | M405: =HEX2DEC(E405) -> 0 | N405: =HEX2DEC(F405) -> 0 | O405: {=_xlfn.IFS(M405<Data!$F$3,0,M405<Data!$F$4,1,TRUE,2)} -> 0 | P405: {=_xlfn.IFS(H405,3,N405<Data!$F$3,0,N405<Data!$F$4,1,TRUE,2)} -> 0
G406: {=_xlfn.CONCAT(IFERROR(I406:K406,""))} -> 02000000FEFFFFFF | I406: =_xlfn.LET(_xlpm.big,DEC2HEX(_xlfn.BITLSHIFT(M406-_xlfn.XLOOKUP(O406,Data!A:A,Data!F:F),4)+O406,8),_xlfn.CONCAT(MID(_xlpm.big,7,2),MID(_xlpm.big,5,2),MID(_xlpm.big,3,2),MID(_xlpm.big,1,2))) -> #NUM! | J406: =_xlfn.CONCAT("02",DEC2HEX(P406,2),"0000") -> 02000000 | K406: =_xlfn.LET(_xlpm.big,IF(H406,DEC2HEX(HEX2DEC(F406),8),DEC2HEX(N406-_xlfn.XLOOKUP(P406,Data!A:A,Data!F:F),8)),_xlfn.CONCAT(MID(_xlpm.big,7,2),MID(_xlpm.big,5,2),MID(_xlpm.big,3,2),MID(_xlpm.big,1,2))) -> FEFFFFFF | L406: =HEX2DEC(D406) -> 0 | M406: =HEX2DEC(E406) -> 0 | N406: =HEX2DEC(F406) -> 0 | O406: {=_xlfn.IFS(M406<Data!$F$3,0,M406<Data!$F$4,1,TRUE,2)} -> 0 | P406: {=_xlfn.IFS(H406,3,N406<Data!$F$3,0,N406<Data!$F$4,1,TRUE,2)} -> 0
G407: {=_xlfn.CONCAT(IFERROR(I407:K407,""))} -> 02000000FEFFFFFF | I407: =_xlfn.LET(_xlpm.big,DEC2HEX(_xlfn.BITLSHIFT(M407-_xlfn.XLOOKUP(O407,Data!A:A,Data!F:F),4)+O407,8),_xlfn.CONCAT(MID(_xlpm.big,7,2),MID(_xlpm.big,5,2),MID(_xlpm.big,3,2),MID(_xlpm.big,1,2))) -> #NUM! | J407: =_xlfn.CONCAT("02",DEC2HEX(P407,2),"0000") -> 02000000 | K407: =_xlfn.LET(_xlpm.big,IF(H407,DEC2HEX(HEX2DEC(F407),8),DEC2HEX(N407-_xlfn.XLOOKUP(P407,Data!A:A,Data!F:F),8)),_xlfn.CONCAT(MID(_xlpm.big,7,2),MID(_xlpm.big,5,2),MID(_xlpm.big,3,2),MID(_xlpm.big,1,2))) -> FEFFFFFF | L407: =HEX2DEC(D407) -> 0 | M407: =HEX2DEC(E407) -> 0 | N407: =HEX2DEC(F407) -> 0 | O407: {=_xlfn.IFS(M407<Data!$F$3,0,M407<Data!$F$4,1,TRUE,2)} -> 0 | P407: {=_xlfn.IFS(H407,3,N407<Data!$F$3,0,N407<Data!$F$4,1,TRUE,2)} -> 0
G408: {=_xlfn.CONCAT(IFERROR(I408:K408,""))} -> 02000000FEFFFFFF | I408: =_xlfn.LET(_xlpm.big,DEC2HEX(_xlfn.BITLSHIFT(M408-_xlfn.XLOOKUP(O408,Data!A:A,Data!F:F),4)+O408,8),_xlfn.CONCAT(MID(_xlpm.big,7,2),MID(_xlpm.big,5,2),MID(_xlpm.big,3,2),MID(_xlpm.big,1,2))) -> #NUM! | J408: =_xlfn.CONCAT("02",DEC2HEX(P408,2),"0000") -> 02000000 | K408: =_xlfn.LET(_xlpm.big,IF(H408,DEC2HEX(HEX2DEC(F408),8),DEC2HEX(N408-_xlfn.XLOOKUP(P408,Data!A:A,Data!F:F),8)),_xlfn.CONCAT(MID(_xlpm.big,7,2),MID(_xlpm.big,5,2),MID(_xlpm.big,3,2),MID(_xlpm.big,1,2))) -> FEFFFFFF | L408: =HEX2DEC(D408) -> 0 | M408: =HEX2DEC(E408) -> 0 | N408: =HEX2DEC(F408) -> 0 | O408: {=_xlfn.IFS(M408<Data!$F$3,0,M408<Data!$F$4,1,TRUE,2)} -> 0 | P408: {=_xlfn.IFS(H408,3,N408<Data!$F$3,0,N408<Data!$F$4,1,TRUE,2)} -> 0
G409: {=_xlfn.CONCAT(IFERROR(I409:K409,""))} -> 02000000FEFFFFFF | I409: =_xlfn.LET(_xlpm.big,DEC2HEX(_xlfn.BITLSHIFT(M409-_xlfn.XLOOKUP(O409,Data!A:A,Data!F:F),4)+O409,8),_xlfn.CONCAT(MID(_xlpm.big,7,2),MID(_xlpm.big,5,2),MID(_xlpm.big,3,2),MID(_xlpm.big,1,2))) -> #NUM! | J409: =_xlfn.CONCAT("02",DEC2HEX(P409,2),"0000") -> 02000000 | K409: =_xlfn.LET(_xlpm.big,IF(H409,DEC2HEX(HEX2DEC(F409),8),DEC2HEX(N409-_xlfn.XLOOKUP(P409,Data!A:A,Data!F:F),8)),_xlfn.CONCAT(MID(_xlpm.big,7,2),MID(_xlpm.big,5,2),MID(_xlpm.big,3,2),MID(_xlpm.big,1,2))) -> FEFFFFFF | L409: =HEX2DEC(D409) -> 0 | M409: =HEX2DEC(E409) -> 0 | N409: =HEX2DEC(F409) -> 0 | O409: {=_xlfn.IFS(M409<Data!$F$3,0,M409<Data!$F$4,1,TRUE,2)} -> 0 | P409: {=_xlfn.IFS(H409,3,N409<Data!$F$3,0,N409<Data!$F$4,1,TRUE,2)} -> 0
G410: {=_xlfn.CONCAT(IFERROR(I410:K410,""))} -> 02000000FEFFFFFF | I410: =_xlfn.LET(_xlpm.big,DEC2HEX(_xlfn.BITLSHIFT(M410-_xlfn.XLOOKUP(O410,Data!A:A,Data!F:F),4)+O410,8),_xlfn.CONCAT(MID(_xlpm.big,7,2),MID(_xlpm.big,5,2),MID(_xlpm.big,3,2),MID(_xlpm.big,1,2))) -> #NUM! | J410: =_xlfn.CONCAT("02",DEC2HEX(P410,2),"0000") -> 02000000 | K410: =_xlfn.LET(_xlpm.big,IF(H410,DEC2HEX(HEX2DEC(F410),8),DEC2HEX(N410-_xlfn.XLOOKUP(P410,Data!A:A,Data!F:F),8)),_xlfn.CONCAT(MID(_xlpm.big,7,2),MID(_xlpm.big,5,2),MID(_xlpm.big,3,2),MID(_xlpm.big,1,2))) -> FEFFFFFF | L410: =HEX2DEC(D410) -> 0 | M410: =HEX2DEC(E410) -> 0 | N410: =HEX2DEC(F410) -> 0 | O410: {=_xlfn.IFS(M410<Data!$F$3,0,M410<Data!$F$4,1,TRUE,2)} -> 0 | P410: {=_xlfn.IFS(H410,3,N410<Data!$F$3,0,N410<Data!$F$4,1,TRUE,2)} -> 0
... G533: {=_xlfn.CONCAT(IFERROR(I533:K533,""))} -> 02000000FEFFFFFF | I533: =_xlfn.LET(_xlpm.big,DEC2HEX(_xlfn.BITLSHIFT(M533-_xlfn.XLOOKUP(O533,Data!A:A,Data!F:F),4)+O533,8),_xlfn.CONCAT(MID(_xlpm.big,7,2),MID(_xlpm.big,5,2),MID(_xlpm.big,3,2),MID(_xlpm.big,1,2))) -> #NUM! | J533: =_xlfn.CONCAT("02",DEC2HEX(P533,2),"0000") -> 02000000 | K533: =_xlfn.LET(_xlpm.big,IF(H533,DEC2HEX(HEX2DEC(F533),8),DEC2HEX(N533-_xlfn.XLOOKUP(P533,Data!A:A,Data!F:F),8)),_xlfn.CONCAT(MID(_xlpm.big,7,2),MID(_xlpm.big,5,2),MID(_xlpm.big,3,2),MID(_xlpm.big,1,2))) -> FEFFFFFF | L533: =HEX2DEC(D533) -> 0 | M533: =HEX2DEC(E533) -> 0 | N533: =HEX2DEC(F533) -> 0 | O533: {=_xlfn.IFS(M533<Data!$F$3,0,M533<Data!$F$4,1,TRUE,2)} -> 0 | P533: {=_xlfn.IFS(H533,3,N533<Data!$F$3,0,N533<Data!$F$4,1,TRUE,2)} -> 0
G534: {=_xlfn.CONCAT(IFERROR(I534:K534,""))} -> 0203000000000000 | H534: TRUE | I534: =_xlfn.LET(_xlpm.big,DEC2HEX(_xlfn.BITLSHIFT(M534-_xlfn.XLOOKUP(O534,Data!A:A,Data!F:F),4)+O534,8),_xlfn.CONCAT(MID(_xlpm.big,7,2),MID(_xlpm.big,5,2),MID(_xlpm.big,3,2),MID(_xlpm.big,1,2))) -> #NUM! | J534: =_xlfn.CONCAT("02",DEC2HEX(P534,2),"0000") -> 02030000 | K534: =_xlfn.LET(_xlpm.big,IF(H534,DEC2HEX(HEX2DEC(F534),8),DEC2HEX(N534-_xlfn.XLOOKUP(P534,Data!A:A,Data!F:F),8)),_xlfn.CONCAT(MID(_xlpm.big,7,2),MID(_xlpm.big,5,2),MID(_xlpm.big,3,2),MID(_xlpm.big,1,2))) -> 00000000 | L534: =HEX2DEC(D534) -> 0 | M534: =HEX2DEC(E534) -> 0 | N534: =HEX2DEC(F534) -> 0 | O534: {=_xlfn.IFS(M534<Data!$F$3,0,M534<Data!$F$4,1,TRUE,2)} -> 0 | P534: {=_xlfn.IFS(H534,3,N534<Data!$F$3,0,N534<Data!$F$4,1,TRUE,2)} -> 3
...

Sheet Data
A1: Segment | C1: Address | D1: Hex LE | E1: Hex BE | F1: Dec | H1: Segment Table Address (little-Endian): | I1: 00900100 | L1: Big-End | M1: =MID(I1,7,)&MID(I1,5,2)&MID(I1,3,2)&MID(I1,1,2) -> 019000
A2: 0 | B2: code | C2: =DEC2HEX(8+HEX2DEC(M$1),8) -> 00019008 | D2: =MID(J$5,1,8) -> 80010000 | E2: =_xlfn.CONCAT(MID(D2,7,2),MID(D2,5,2),MID(D2,3,2),MID(D2,1,2)) -> 00000180 | F2: =HEX2DEC(E2) -> 384 | H2: Located at 0x84 | L2: Decimal | M2: =HEX2DEC(M1) -> 102400
A3: 1 | B3: rodata | C3: =DEC2HEX(20+HEX2DEC(M$1),8) -> 00019014 | D3: =MID(J$5,25,8) -> 00700100 | E3: =_xlfn.CONCAT(MID(D3,7,2),MID(D3,5,2),MID(D3,3,2),MID(D3,1,2)) -> 00017000 | F3: =HEX2DEC(E3) -> 94208 | H3: RPT Table address at 0x128 | I3: 74040200 | L3: Dif from original | M3: =M2-1097728 -> -995328
A4: 2 | B4: data | C4: =DEC2HEX(32+HEX2DEC(M$1),8) -> 00019020 | D4: =MID(J$5,49,8) -> 342D0200 | E4: =_xlfn.CONCAT(MID(D4,7,2),MID(D4,5,2),MID(D4,3,2),MID(D4,1,2)) -> 00022D34 | F4: =HEX2DEC(E4) -> 142644 | L4: hex | M4: =DEC2HEX(M3) -> FFFFF0D000
A5: 3 | B5: bss | C5: =DEC2HEX(48+HEX2DEC(M$1),8) -> 00019030 | D5: =MID(J$5,81,8) -> 20000000 | E5: =_xlfn.CONCAT(MID(D5,7,2),MID(D5,5,2),MID(D5,3,2),MID(D5,1,2)) -> 00000020 | F5: =HEX2DEC(E5) -> 32 | H5: =_xlfn.CONCAT("Paste the block from 0x",C2," to 0x",DEC2HEX(HEX2DEC(C5)+3,8)," here:") -> Paste the block from 0x00019008 to 0x00019033 here: | I5: 80 01 00 00 7C 6C 01 00 00 00 00 00 00 70 01 00 0C 10 00 00 01 00 00 00 34 2D 02 00 CC 12 00 00 02 00 00 00 00 00 00 00 20 00 00 00 | J5: =SUBSTITUTE(I5," ","") -> 800100007C6C010000000000007001000C10000001000000342D0200CC120000020000000000000020000000 | K5: =IF(LEN(J5)=88,"Length Good","Length Mismatch") -> Length Good
B6: RPT Start | D6: =I3 -> 74040200 | E6: =_xlfn.CONCAT(MID(D6,7,2),MID(D6,5,2),MID(D6,3,2),MID(D6,1,2)) -> 00020474 | F6: =HEX2DEC(E6) -> 132212
B7: RPT End | D7: =_xlfn.CONCAT(MID(E7,7,2),MID(E7,5,2),MID(E7,3,2),MID(E7,1,2)) -> 401D0200 | E7: =DEC2HEX(F7,8) -> 00021D40 | F7: =MAX('Custom Relocation Patches'!L:L)+12 -> 138560
F9: =F7-F6 -> 6348
F10: =F9/12 -> 529
F11: =DEC2HEX(F10) -> 211
H13: First Patch in unedited: | I13: 00DB03000203000084030000

Sheet Reverse Patch
A1: Paste Patch Hex: | B1: 80 C5 15 00 02 01 00 00 0C 10 00 00
A3: Removed whitespace | B3: =SUBSTITUTE(B1," ","") -> 80C51500020100000C100000
B4: 40A687000203000094030000
A5: Patch Type | B5: =MID(B3,9,2) -> 02
A7: Relative Write-to | B7: =DEC2HEX(_xlfn.BITRSHIFT(HEX2DEC(_xlfn.LET(_xlpm.in,LEFT(B3,8),_xlfn.CONCAT(MID(_xlpm.in,7,2),MID(_xlpm.in,5,2),MID(_xlpm.in,3,2),MID(_xlpm.in,1,2)))),4),7) -> 0015C58
A8: Write Segment | B8: =DEC2HEX(_xlfn.BITAND(15,HEX2DEC(_xlfn.LET(_xlpm.in,LEFT(B3,8),_xlfn.CONCAT(MID(_xlpm.in,7,2),MID(_xlpm.in,5,2),MID(_xlpm.in,3,2),MID(_xlpm.in,1,2))))),1) -> 0
A10: Relative Pointer | B10: =_xlfn.LET(_xlpm.in,RIGHT(B3,8),_xlfn.CONCAT(MID(_xlpm.in,7,2),MID(_xlpm.in,5,2),MID(_xlpm.in,3,2),MID(_xlpm.in,1,2))) -> 0000100C
A11: Pointer Segment | B11: =MID(B3,11,2) -> 01
A13: In-File Write-To | B13: In-File Pointer
A14: =DEC2HEX(HEX2DEC(B7)+_xlfn.XLOOKUP(VALUE(B8),Data!A:A,Data!F:F),8) -> 00015DD8 | B14: =IF(B11="03",B10,DEC2HEX(HEX2DEC(B10)+_xlfn.XLOOKUP(VALUE(B11),Data!A:A,Data!F:F),8)) -> 0001800C
A15: ^Column E | B15: ^Column F
