Workbook

Sheet Hex
A1: A103 Field
A2: Paste> | B2: 00 00 00 00 00 00 00 00 01 11 11 11 11 11 11 11 11 11 11 11 11 11 11 11 11 11 11 10 00 00 00 00 01 11 00 00 00 00 00 00 00 00 00 00 00 00 00 00 00 00 00 00 00 00 00 00 00 00 00 00 00 07 00 00 00 00 00 10 00 00 00 00 00 00 03 33 33 33 33 33 33 33 33 33 33 33 33 33 33 33 33 33 33 33 33 33 33 33 33 33 33 33 33 33 33 33 30 00 40 00 00 00 00 00 00 00 00 00 00 00 00 00 00 00 00 00 00 00 00 00 00 00 00 00 00 00 00 00 00 00 00 00 00 00 00 00 00 00 00 00 00 00 00 00 00 00 00 00 00 00 00 00 00 00 22 22 22 22 22 22 22 22 22 22 22 22 22 22 22 22 22 22 22 22 22 22 22 22 22 22 22 22 22 22 22 22 22 22 22 22 22 22 22 22 22 22 22 22 22 22 22 22 22 00 44 44 44 44 44 44 44 44 44 44 44 44 44 44 44 44 44 44 44 44 44 44 44 44 44 44 44 44 40 00 00 00 00 00 00 00 04 44 10 00 00 00 00 00 00 00 00 00 00 00 00 00 04 00 00 00 00 00 00 00 00 00 00 00 00 00 00 00 01 11 11 11 00 40 00 44 00 00 00 00 00 01 00 00 00 00 00 00 00 00 00 00 00 00 44 22 24 04 44 44 44 44 44 44 44 40 04 44 01 00 00 04 00 00 00 00 00 00 00 00 00 00 00 00 00 00 00 00 00 33 34 22 22 24 44 40 44 44 04 44 11 00 44 40 44 44 44 44 44 44 44 44 44 44 42 44 44 44 44 44 44 44 00 00 00 00 00 00 04 40 00 04 04 44 77 77 77 77 77 77 77 77 77 70 04 77 77 77 77 75 55 55 55 55 55 55 55 55 55 55 55 55 55 55 70 00 04 44 04 04 00 40 10 00 04 40 40 00 00 00 00 00 00 00 00 00 00 00 00 00 00 00 05 00 00 00 00 00 00 00 00 00 00 00 00 00 07 77 77 75 55 55 54 44 44 44 44 44 44 44 46 66 66 66 66 66 22 22 22 22 22 22 22 22 22 22 20 00 00 00 00 00 | C2: =SUBSTITUTE(B2," ","") -> 00000000000000000111111111111111111111111111111111111110000000000111000000000000000000000000000000000000000000000000000000070000000000100000000000000333333333333333333333333333333333333333333333333333333333333333300040000000000000000000000000000000000000000000000000000000000000000000000000000000000000000000000000000000000000002222222222222222222222222222222222222222222222222222222222222222222222222222222222222222222222222200444444444444444444444444444444444444444444444444444444444000000000000000044410000000000000000000000000000400000000000000000000000000000001111111004000440000000000010000000000000000000000004422240444444444444444400444010000040000000000000000000000000000000000333422222444404444044411004440444444444444444444444244444444444444000000000000044000040444777777777777777777700477777777755555555555555555555555555555700004440404004010000440400000000000000000000000000000000500000000000000000000000000077777755555544444444444444446666666666622222222222222222222200000000000 | D2: =LEN(C2) -> 992
D3: =DEC2HEX(D2/2) -> 1F0 | F3: base | G3: =MID(_xlfn.CONCAT(Edit!J:J),1+LEN(Edit!J1),COUNTA(Edit!J:J)-1) -> 000000000000000001111111111111111111111111111111111111100000000001110000000000000000000000000000000000000000000000000000000700000000001000000000000003333333333333333333333333333333333333333333333333333333333333333000400000000000000000000000000000000000000000000000000000000000000000000000000000000000000000000000000000000000000022222222222222222222222222222222222222222222222222222222222222222222222222222222222222222222222222004444444444444444444444444444444444444444444444444444444440000000000000000444100000000000000000000000000004000000000000000000000000000000011111110040004400000000000100000000000000000000000044222404444444444444444004440100000400000000000000000000000000000000003334222224444044440444110044404444444444444444444442444444444444440000000000000440000404447777777777777777777004777777777555555555555555555555555555557000044404040040100004404000000000000000000000000000000005000000000000000000000000000777777555555444444444444444466666666666222222222222222222222 | H3: x
A4: Output> | B4: =_xlfn.CONCAT(G3,REPT("0",G5)) -> 00000000000000000111111111111111111111111111111111111110000000000111000000000000000000000000000000000000000000000000000000070000000000100000000000000333333333333333333333333333333333333333333333333333333333333333300040000000000000000000000000000000000000000000000000000000000000000000000000000000000000000000000000000000000000002222222222222222222222222222222222222222222222222222222222222222222222222222222222222222222222222200444444444444444444444444444444444444444444444444444444444000000000000000044410000000000000000000000000000400000000000000000000000000000001111111004000440000000000010000000000000000000000004422240444444444444444400444010000040000000000000000000000000000000000333422222444404444044411004440444444444444444444444244444444444444000000000000044000040444777777777777777777700477777777755555555555555555555555555555700004440404004010000440400000000000000000000000000000000500000000000000000000000000077777755555544444444444444446666666666622222222222222222222200000000000 | D4: =LEN(B4) -> 992 | F4: length (nibbles) | G4: =LEN(G3) -> 981
D5: =DEC2HEX(D4/2) -> 1F0 | F5: Number nibbles needed | G5: =32-MOD(G4,32) -> 11
A7: A020 Battle
A8: Paste> | B8: 00 01 01 01 01 01 01 01 01 01 01 01 01 01 01 01 01 04 08 08 08 08 08 0C 04 04 04 08 08 08 04 04 04 04 04 04 08 08 04 04 04 04 08 04 00 00 00 00 00 00 00 00 00 00 08 02 02 02 02 02 02 02 02 02 02 08 08 08 00 00 00 00 00 00 00 00 00 00 00 00 00 00 00 00 00 00 00 00 00 00 00 00 00 00 00 00 00 00 00 00 00 00 00 00 00 00 00 00 00 00 00 00 00 00 00 00 00 00 00 00 00 00 00 00 00 00 00 00 00 00 00 00 00 00 04 00 00 00 00 00 00 00 00 00 00 00 00 00 00 08 08 08 08 08 04 04 08 08 04 00 00 00 00 00 00 00 00 00 00 00 00 00 00 00 00 00 00 00 00 00 00 00 00 00 00 00 00 00 00 00 00 00 00 00 00 00 00 00 00 00 00 00 00 00 00 00 00 00 00 00 00 00 00 00 00 00 00 00 00 00 00 00 00 00 00 00 00 00 00 00 00 00 00 00 00 00 00 00 00 00 00 00 00 00 00 00 00 00 00 00 00 00 00 00 00 00 00 00 00 00 00 00 00 00 00 00 00 00 00 00 00 00 00 00 00 00 00 00 00 00 00 00 00 00 00 00 00 00 00 00 00 00 00 00 00 00 00 00 00 00 00 00 00 00 00 00 00 00 00 00 00 00 00 00 00 00 00 00 00 00 00 00 00 00 00 00 00 00 00 00 00 00 00 00 00 00 00 00 00 00 00 00 00 00 00 00 00 00 00 00 00 00 00 00 00 00 00 00 00 00 00 00 00 00 00 00 00 00 00 00 00 00 00 00 00 00 00 00 00 00 00 00 00 00 00 00 00 00 00 00 00 00 00 00 00 00 00 00 00 00 00 00 00 00 00 00 00 00 00 00 00 00 00 00 00 00 00 00 00 00 00 00 00 00 00 00 00 00 00 00 00 00 00 00 00 00 00 00 00 00 00 00 00 00 00 00 00 00 00 00 00 00 00 00 00 00 00 00 00 00 00 00 00 00 00 00 00 00 00 00 00 00 00 00 00 00 00 00 00 00 00 00 00 00 00 00 00 00 00 00 00 00 01 01 01 01 01 01 01 00 00 00 00 00 08 00 00 00 00 00 00 00 00 00 00 00 00 00 00 00 00 00 00 00 00 00 00 00 00 00 00 00 00 00 00 00 00 00 00 00 00 00 00 00 00 00 00 00 00 00 00 00 00 00 00 00 00 00 00 00 00 00 00 00 00 00 00 00 00 00 00 00 00 00 00 00 01 02 00 00 00 00 00 00 00 00 00 00 00 00 00 08 00 00 00 00 00 00 00 00 00 00 00 00 00 00 00 00 00 00 00 00 00 00 00 00 00 00 00 00 00 00 00 00 00 00 00 00 00 00 00 00 00 00 00 00 00 00 00 00 00 00 00 00 00 00 00 00 00 00 00 00 00 00 00 00 00 00 00 00 00 00 00 00 00 00 00 00 00 00 00 00 00 00 00 00 00 00 00 00 00 00 00 00 00 00 00 00 00 00 00 00 00 00 00 00 00 00 00 00 00 00 00 00 00 00 00 00 08 08 00 00 00 00 00 00 00 00 00 00 00 00 00 00 00 00 00 00 00 00 00 00 00 00 00 00 00 00 00 00 00 00 00 00 00 00 00 00 00 00 00 00 00 00 00 00 00 00 00 00 00 00 00 00 00 00 00 00 00 00 00 00 00 00 00 00 00 00 00 00 00 00 00 00 00 00 00 00 00 00 00 00 00 00 00 00 00 00 00 00 00 00 00 00 00 00 00 00 00 00 00 00 00 00 00 00 00 00 00 00 00 00 00 00 00 00 00 00 00 00 00 00 00 00 00 00 00 00 00 00 00 00 00 00 00 00 02 00 00 00 00 01 08 00 00 00 00 00 00 00 00 00 00 00 00 00 00 00 00 00 00 00 00 00 00 00 00 00 00 00 00 00 00 00 00 00 00 00 00 00 00 00 00 00 00 00 00 00 00 00 00 00 00 00 00 00 00 00 00 00 00 00 00 00 00 00 00 00 00 00 00 00 00 00 00 00 00 00 00 00 00 00 00 00 00 00 00 00 00 00 00 00 00 00 00 00 00 00 00 00 00 00 00 00 00 00 14 14 12 12 00 00 00 00 00 00 00 00 00 00 00 00 00 00 00 00 00 00 00 00 00 00 00 00 00 00 00 00 00 00 00 00 00 00 00 00 00 00 00 00 00 00 00 00 00 00 00 00 00 00 00 00 00 00 00 00 00 00 00 00 00 00 00 00 00 00 00 00 00 00 00 00 00 00 00 00 00 00 00 00 00 00 00 00 00 00 00 00 00 00 00 00 00 00 00 00 00 00 00 00 00 00 00 00 00 00 00 00 00 00 00 00 00 00 00 00 00 00 00 00 00 00 00 00 00 00 00 00 00 00 00 00 00 00 00 00 00 00 00 00 00 00 00 00 | C8: =SUBSTITUTE(B8," ","") -> 00010101010101010101010101010101010408080808080C040404080808040404040404080804040404080400000000000000000000080202020202020202020208080800000000000000000000000000000000000000000000000000000000000000000000000000000000000000000000000000000000000000000000000000000000000004000000000000000000000000000008080808080404080804000000000000000000000000000000000000000000000000000000000000000000000000000000000000000000000000000000000000000000000000000000000000000000000000000000000000000000000000000000000000000000000000000000000000000000000000000000000000000000000000000000000000000000000000000000000000000000000000000000000000000000000000000000000000000000000000000000000000000000000000000000000000000000000000000000000000000000000000000000000000000000000000000000000000000000000000000000000000000000000000000000000000000000000000000000000000000000000000000000000000000000000000000000000000000000000000000000000000000000000000000000000000000000000000000000000000000000000000000000000000000000010101010101010000000000080000000000000000000000000000000000000000000000000000000000000000000000000000000000000000000000000000000000000000000000000000000000000000000000010200000000000000000000000000080000000000000000000000000000000000000000000000000000000000000000000000000000000000000000000000000000000000000000000000000000000000000000000000000000000000000000000000000000000000000000000000000000000000000000000000000000000000000000080800000000000000000000000000000000000000000000000000000000000000000000000000000000000000000000000000000000000000000000000000000000000000000000000000000000000000000000000000000000000000000000000000000000000000000000000000000000000000000000000000000000000000000000000000000000020000000001080000000000000000000000000000000000000000000000000000000000000000000000000000000000000000000000000000000000000000000000000000000000000000000000000000000000000000000000000000000000000000000000000000000000000014141212000000000000000000000000000000000000000000000000000000000000000000000000000000000000000000000000000000000000000000000000000000000000000000000000000000000000000000000000000000000000000000000000000000000000000000000000000000000000000000000000000000000000000000000000000000000000000000000000 | D8: =LEN(C8) -> 2208
D9: =DEC2HEX(D8/2) -> 450
A10: Output> | B10: =_xlfn.CONCAT(Edit!R:R) -> 00010101010101010101010101010101010408080808080C040404080808040404040404080804040404080400000000000000000000080202020202020202020208080800000000000000000000000000000000000000000000000000000000000000000000000000000000000000000000000000000000000000000000000000000000000004000000000000000000000000000008080808080404080804000000000000000000000000000000000000000000000000000000000000000000000000000000000000000000000000000000000000000000000000000000000000000000000000000000000000000000000000000000000000000000000000000000000000000000000000000000000000000000000000000000000000000000000000000000000000000000000000000000000000000000000000000000000000000000000000000000000000000000000000000000000000000000000000000000000000000000000000000000000000000000000000000000000000000000000000000000000000000000000000000000000000000000000000000000000000000000000000000000000000000000000000000000000000000000000000000000000000000000000000000000000000000000000000000000000000000000000000000000000000000000010101010101010101000000080000000000000000000000000000000000000000000000000000000000000000000000000000000000000000000000000000000000000000000000000000000000000000000000010200000000000000000000000000080000000000000000000000000000000000000000000000000000000000000000000000000000000000000000000000000000000000000000000000000000000000000000000000000000000000000000000000000000000000000000000000000000000000000000000000000000000000000000080800000000000000000000000000000000000000000000000000000000000000000000000000000000000000000000000000000000000000000000000000000000000000000000000000000000000000000000000000000000000000000000000000000000000000000000000000000000000000000000000000000000000000000000000000000000020000000001080000000000000000000000000000000000000000000000000000000000000000000000000000000000000000000000000000000000000000000000000000000000000000000000000000000000000000000000000000000000000000000000000000000000000014141212000000000000000000000000000000000000000000 | D10: =LEN(B10) -> 1962
D11: =DEC2HEX(D10/2) -> 3D5

Sheet Edit
A1: Offset | B1: Nibble | C1: Nibble Value | D1: Offset Bag | E1: Bag | F1: Item Index | G1: Item Name | H1: Field Pocket From File | I1: Field Enter Changes | J1: Output | L1: Pokeball | M1: Battle Items | N1: HP/PP Restore | O1: Status Heal | P1: Rotom Power
A2: 000 | B2: 0 | C2: =VALUE(MID(Hex!$C$2,1+2*HEX2DEC(A2)+B2,1)) -> 0 | D2: 000 | E2: =HEX2DEC(MID(Hex!$C$8,1+HEX2DEC(Edit!D2)*2,2)) -> 0 | F2: 0 | G2: =_xlfn.LET(_xlpm.custom,_xlfn.XLOOKUP(F2,Data!A:A,Data!C:C),IF(_xlpm.custom="",_xlfn.XLOOKUP(F2,Data!A:A,Data!B:B),_xlpm.custom)) -> None | H2: =_xlfn.XLOOKUP(C2,Data!A:A,Data!E:E) -> General | J2: =IF(I2="",C2,_xlfn.XLOOKUP(I2,Data!E:E,Data!A:A,"")) -> 0 | L2: =_xlfn.BITAND($E2,1) -> 0 | M2: =_xlfn.BITAND($E2,2) -> 0 | N2: =_xlfn.BITAND($E2,4) -> 0 | O2: =_xlfn.BITAND($E2,8) -> 0 | P2: =_xlfn.BITAND($E2,16) -> 0 | R2: =DEC2HEX(SUM(L2:P2),2) -> 00
A3: 000 | B3: 1 | C3: =VALUE(MID(Hex!$C$2,1+2*HEX2DEC(A3)+B3,1)) -> 0 | D3: =DEC2HEX(1+HEX2DEC(D2),3) -> 001 | E3: =HEX2DEC(MID(Hex!$C$8,1+HEX2DEC(Edit!D3)*2,2)) -> 1 | F3: =F2+1 -> 1 | G3: =_xlfn.LET(_xlpm.custom,_xlfn.XLOOKUP(F3,Data!A:A,Data!C:C),IF(_xlpm.custom="",_xlfn.XLOOKUP(F3,Data!A:A,Data!B:B),_xlpm.custom)) -> Master Ball | H3: =_xlfn.XLOOKUP(C3,Data!A:A,Data!E:E) -> General | J3: =IF(I3="",C3,_xlfn.XLOOKUP(I3,Data!E:E,Data!A:A,"")) -> 0 | L3: =_xlfn.BITAND(E3,1) -> 1 | M3: =_xlfn.BITAND($E3,2) -> 0 | N3: =_xlfn.BITAND($E3,4) -> 0 | O3: =_xlfn.BITAND($E3,8) -> 0 | P3: =_xlfn.BITAND($E3,16) -> 0 | R3: =DEC2HEX(SUM(L3:P3),2) -> 01
A4: =DEC2HEX(1+HEX2DEC(A2),3) -> 001 | B4: =B2 -> 0 | C4: =VALUE(MID(Hex!$C$2,1+2*HEX2DEC(A4)+B4,1)) -> 0 | D4: =DEC2HEX(1+HEX2DEC(D3),3) -> 002 | E4: =HEX2DEC(MID(Hex!$C$8,1+HEX2DEC(Edit!D4)*2,2)) -> 1 | F4: =F3+1 -> 2 | G4: =_xlfn.LET(_xlpm.custom,_xlfn.XLOOKUP(F4,Data!A:A,Data!C:C),IF(_xlpm.custom="",_xlfn.XLOOKUP(F4,Data!A:A,Data!B:B),_xlpm.custom)) -> Ultra Ball | H4: =_xlfn.XLOOKUP(C4,Data!A:A,Data!E:E) -> General | J4: =IF(I4="",C4,_xlfn.XLOOKUP(I4,Data!E:E,Data!A:A,"")) -> 0 | L4: =_xlfn.BITAND(E4,1) -> 1 | M4: =_xlfn.BITAND($E4,2) -> 0 | N4: =_xlfn.BITAND($E4,4) -> 0 | O4: =_xlfn.BITAND($E4,8) -> 0 | P4: =_xlfn.BITAND($E4,16) -> 0 | R4: =DEC2HEX(SUM(L4:P4),2) -> 01
A5: =DEC2HEX(1+HEX2DEC(A3),3) -> 001 | B5: =B3 -> 1 | C5: =VALUE(MID(Hex!$C$2,1+2*HEX2DEC(A5)+B5,1)) -> 0 | D5: =DEC2HEX(1+HEX2DEC(D4),3) -> 003 | E5: =HEX2DEC(MID(Hex!$C$8,1+HEX2DEC(Edit!D5)*2,2)) -> 1 | F5: =F4+1 -> 3 | G5: =_xlfn.LET(_xlpm.custom,_xlfn.XLOOKUP(F5,Data!A:A,Data!C:C),IF(_xlpm.custom="",_xlfn.XLOOKUP(F5,Data!A:A,Data!B:B),_xlpm.custom)) -> Great Ball | H5: =_xlfn.XLOOKUP(C5,Data!A:A,Data!E:E) -> General | J5: =IF(I5="",C5,_xlfn.XLOOKUP(I5,Data!E:E,Data!A:A,"")) -> 0 | L5: =_xlfn.BITAND(E5,1) -> 1 | M5: =_xlfn.BITAND($E5,2) -> 0 | N5: =_xlfn.BITAND($E5,4) -> 0 | O5: =_xlfn.BITAND($E5,8) -> 0 | P5: =_xlfn.BITAND($E5,16) -> 0 | R5: =DEC2HEX(SUM(L5:P5),2) -> 01
A6: =DEC2HEX(1+HEX2DEC(A4),3) -> 002 | B6: =B4 -> 0 | C6: =VALUE(MID(Hex!$C$2,1+2*HEX2DEC(A6)+B6,1)) -> 0 | D6: =DEC2HEX(1+HEX2DEC(D5),3) -> 004 | E6: =HEX2DEC(MID(Hex!$C$8,1+HEX2DEC(Edit!D6)*2,2)) -> 1 | F6: =F5+1 -> 4 | G6: =_xlfn.LET(_xlpm.custom,_xlfn.XLOOKUP(F6,Data!A:A,Data!C:C),IF(_xlpm.custom="",_xlfn.XLOOKUP(F6,Data!A:A,Data!B:B),_xlpm.custom)) -> Poké Ball | H6: =_xlfn.XLOOKUP(C6,Data!A:A,Data!E:E) -> General | J6: =IF(I6="",C6,_xlfn.XLOOKUP(I6,Data!E:E,Data!A:A,"")) -> 0 | L6: =_xlfn.BITAND(E6,1) -> 1 | M6: =_xlfn.BITAND($E6,2) -> 0 | N6: =_xlfn.BITAND($E6,4) -> 0 | O6: =_xlfn.BITAND($E6,8) -> 0 | P6: =_xlfn.BITAND($E6,16) -> 0 | R6: =DEC2HEX(SUM(L6:P6),2) -> 01
A7: =DEC2HEX(1+HEX2DEC(A5),3) -> 002 | B7: =B5 -> 1 | C7: =VALUE(MID(Hex!$C$2,1+2*HEX2DEC(A7)+B7,1)) -> 0 | D7: =DEC2HEX(1+HEX2DEC(D6),3) -> 005 | E7: =HEX2DEC(MID(Hex!$C$8,1+HEX2DEC(Edit!D7)*2,2)) -> 1 | F7: =F6+1 -> 5 | G7: =_xlfn.LET(_xlpm.custom,_xlfn.XLOOKUP(F7,Data!A:A,Data!C:C),IF(_xlpm.custom="",_xlfn.XLOOKUP(F7,Data!A:A,Data!B:B),_xlpm.custom)) -> Safari Ball | H7: =_xlfn.XLOOKUP(C7,Data!A:A,Data!E:E) -> General | J7: =IF(I7="",C7,_xlfn.XLOOKUP(I7,Data!E:E,Data!A:A,"")) -> 0 | L7: =_xlfn.BITAND(E7,1) -> 1 | M7: =_xlfn.BITAND($E7,2) -> 0 | N7: =_xlfn.BITAND($E7,4) -> 0 | O7: =_xlfn.BITAND($E7,8) -> 0 | P7: =_xlfn.BITAND($E7,16) -> 0 | R7: =DEC2HEX(SUM(L7:P7),2) -> 01
A8: =DEC2HEX(1+HEX2DEC(A6),3) -> 003 | B8: =B6 -> 0 | C8: =VALUE(MID(Hex!$C$2,1+2*HEX2DEC(A8)+B8,1)) -> 0 | D8: =DEC2HEX(1+HEX2DEC(D7),3) -> 006 | E8: =HEX2DEC(MID(Hex!$C$8,1+HEX2DEC(Edit!D8)*2,2)) -> 1 | F8: =F7+1 -> 6 | G8: =_xlfn.LET(_xlpm.custom,_xlfn.XLOOKUP(F8,Data!A:A,Data!C:C),IF(_xlpm.custom="",_xlfn.XLOOKUP(F8,Data!A:A,Data!B:B),_xlpm.custom)) -> Net Ball | H8: =_xlfn.XLOOKUP(C8,Data!A:A,Data!E:E) -> General | J8: =IF(I8="",C8,_xlfn.XLOOKUP(I8,Data!E:E,Data!A:A,"")) -> 0 | L8: =_xlfn.BITAND(E8,1) -> 1 | M8: =_xlfn.BITAND($E8,2) -> 0 | N8: =_xlfn.BITAND($E8,4) -> 0 | O8: =_xlfn.BITAND($E8,8) -> 0 | P8: =_xlfn.BITAND($E8,16) -> 0 | R8: =DEC2HEX(SUM(L8:P8),2) -> 01
A9: =DEC2HEX(1+HEX2DEC(A7),3) -> 003 | B9: =B7 -> 1 | C9: =VALUE(MID(Hex!$C$2,1+2*HEX2DEC(A9)+B9,1)) -> 0 | D9: =DEC2HEX(1+HEX2DEC(D8),3) -> 007 | E9: =HEX2DEC(MID(Hex!$C$8,1+HEX2DEC(Edit!D9)*2,2)) -> 1 | F9: =F8+1 -> 7 | G9: =_xlfn.LET(_xlpm.custom,_xlfn.XLOOKUP(F9,Data!A:A,Data!C:C),IF(_xlpm.custom="",_xlfn.XLOOKUP(F9,Data!A:A,Data!B:B),_xlpm.custom)) -> Dive Ball | H9: =_xlfn.XLOOKUP(C9,Data!A:A,Data!E:E) -> General | J9: =IF(I9="",C9,_xlfn.XLOOKUP(I9,Data!E:E,Data!A:A,"")) -> 0 | L9: =_xlfn.BITAND(E9,1) -> 1 | M9: =_xlfn.BITAND($E9,2) -> 0 | N9: =_xlfn.BITAND($E9,4) -> 0 | O9: =_xlfn.BITAND($E9,8) -> 0 | P9: =_xlfn.BITAND($E9,16) -> 0 | R9: =DEC2HEX(SUM(L9:P9),2) -> 01
A10: =DEC2HEX(1+HEX2DEC(A8),3) -> 004 | B10: =B8 -> 0 | C10: =VALUE(MID(Hex!$C$2,1+2*HEX2DEC(A10)+B10,1)) -> 0 | D10: =DEC2HEX(1+HEX2DEC(D9),3) -> 008 | E10: =HEX2DEC(MID(Hex!$C$8,1+HEX2DEC(Edit!D10)*2,2)) -> 1 | F10: =F9+1 -> 8 | G10: =_xlfn.LET(_xlpm.custom,_xlfn.XLOOKUP(F10,Data!A:A,Data!C:C),IF(_xlpm.custom="",_xlfn.XLOOKUP(F10,Data!A:A,Data!B:B),_xlpm.custom)) -> Nest Ball | H10: =_xlfn.XLOOKUP(C10,Data!A:A,Data!E:E) -> General | J10: =IF(I10="",C10,_xlfn.XLOOKUP(I10,Data!E:E,Data!A:A,"")) -> 0 | L10: =_xlfn.BITAND(E10,1) -> 1 | M10: =_xlfn.BITAND($E10,2) -> 0 | N10: =_xlfn.BITAND($E10,4) -> 0 | O10: =_xlfn.BITAND($E10,8) -> 0 | P10: =_xlfn.BITAND($E10,16) -> 0 | R10: =DEC2HEX(SUM(L10:P10),2) -> 01
A11: =DEC2HEX(1+HEX2DEC(A9),3) -> 004 | B11: =B9 -> 1 | C11: =VALUE(MID(Hex!$C$2,1+2*HEX2DEC(A11)+B11,1)) -> 0 | D11: =DEC2HEX(1+HEX2DEC(D10),3) -> 009 | E11: =HEX2DEC(MID(Hex!$C$8,1+HEX2DEC(Edit!D11)*2,2)) -> 1 | F11: =F10+1 -> 9 | G11: =_xlfn.LET(_xlpm.custom,_xlfn.XLOOKUP(F11,Data!A:A,Data!C:C),IF(_xlpm.custom="",_xlfn.XLOOKUP(F11,Data!A:A,Data!B:B),_xlpm.custom)) -> Repeat Ball | H11: =_xlfn.XLOOKUP(C11,Data!A:A,Data!E:E) -> General | J11: =IF(I11="",C11,_xlfn.XLOOKUP(I11,Data!E:E,Data!A:A,"")) -> 0 | L11: =_xlfn.BITAND(E11,1) -> 1 | M11: =_xlfn.BITAND($E11,2) -> 0 | N11: =_xlfn.BITAND($E11,4) -> 0 | O11: =_xlfn.BITAND($E11,8) -> 0 | P11: =_xlfn.BITAND($E11,16) -> 0 | R11: =DEC2HEX(SUM(L11:P11),2) -> 01
A12: =DEC2HEX(1+HEX2DEC(A10),3) -> 005 | B12: =B10 -> 0 | C12: =VALUE(MID(Hex!$C$2,1+2*HEX2DEC(A12)+B12,1)) -> 0 | D12: =DEC2HEX(1+HEX2DEC(D11),3) -> 00A | E12: =HEX2DEC(MID(Hex!$C$8,1+HEX2DEC(Edit!D12)*2,2)) -> 1 | F12: =F11+1 -> 10 | G12: =_xlfn.LET(_xlpm.custom,_xlfn.XLOOKUP(F12,Data!A:A,Data!C:C),IF(_xlpm.custom="",_xlfn.XLOOKUP(F12,Data!A:A,Data!B:B),_xlpm.custom)) -> Timer Ball | H12: =_xlfn.XLOOKUP(C12,Data!A:A,Data!E:E) -> General | J12: =IF(I12="",C12,_xlfn.XLOOKUP(I12,Data!E:E,Data!A:A,"")) -> 0 | L12: =_xlfn.BITAND(E12,1) -> 1 | M12: =_xlfn.BITAND($E12,2) -> 0 | N12: =_xlfn.BITAND($E12,4) -> 0 | O12: =_xlfn.BITAND($E12,8) -> 0 | P12: =_xlfn.BITAND($E12,16) -> 0 | R12: =DEC2HEX(SUM(L12:P12),2) -> 01
A13: =DEC2HEX(1+HEX2DEC(A11),3) -> 005 | B13: =B11 -> 1 | C13: =VALUE(MID(Hex!$C$2,1+2*HEX2DEC(A13)+B13,1)) -> 0 | D13: =DEC2HEX(1+HEX2DEC(D12),3) -> 00B | E13: =HEX2DEC(MID(Hex!$C$8,1+HEX2DEC(Edit!D13)*2,2)) -> 1 | F13: =F12+1 -> 11 | G13: =_xlfn.LET(_xlpm.custom,_xlfn.XLOOKUP(F13,Data!A:A,Data!C:C),IF(_xlpm.custom="",_xlfn.XLOOKUP(F13,Data!A:A,Data!B:B),_xlpm.custom)) -> Luxury Ball | H13: =_xlfn.XLOOKUP(C13,Data!A:A,Data!E:E) -> General | J13: =IF(I13="",C13,_xlfn.XLOOKUP(I13,Data!E:E,Data!A:A,"")) -> 0 | L13: =_xlfn.BITAND(E13,1) -> 1 | M13: =_xlfn.BITAND($E13,2) -> 0 | N13: =_xlfn.BITAND($E13,4) -> 0 | O13: =_xlfn.BITAND($E13,8) -> 0 | P13: =_xlfn.BITAND($E13,16) -> 0 | R13: =DEC2HEX(SUM(L13:P13),2) -> 01
A14: =DEC2HEX(1+HEX2DEC(A12),3) -> 006 | B14: =B12 -> 0 | C14: =VALUE(MID(Hex!$C$2,1+2*HEX2DEC(A14)+B14,1)) -> 0 | D14: =DEC2HEX(1+HEX2DEC(D13),3) -> 00C | E14: =HEX2DEC(MID(Hex!$C$8,1+HEX2DEC(Edit!D14)*2,2)) -> 1 | F14: =F13+1 -> 12 | G14: =_xlfn.LET(_xlpm.custom,_xlfn.XLOOKUP(F14,Data!A:A,Data!C:C),IF(_xlpm.custom="",_xlfn.XLOOKUP(F14,Data!A:A,Data!B:B),_xlpm.custom)) -> Premier Ball | H14: =_xlfn.XLOOKUP(C14,Data!A:A,Data!E:E) -> General | J14: =IF(I14="",C14,_xlfn.XLOOKUP(I14,Data!E:E,Data!A:A,"")) -> 0 | L14: =_xlfn.BITAND(E14,1) -> 1 | M14: =_xlfn.BITAND($E14,2) -> 0 | N14: =_xlfn.BITAND($E14,4) -> 0 | O14: =_xlfn.BITAND($E14,8) -> 0 | P14: =_xlfn.BITAND($E14,16) -> 0 | R14: =DEC2HEX(SUM(L14:P14),2) -> 01
A15: =DEC2HEX(1+HEX2DEC(A13),3) -> 006 | B15: =B13 -> 1 | C15: =VALUE(MID(Hex!$C$2,1+2*HEX2DEC(A15)+B15,1)) -> 0 | D15: =DEC2HEX(1+HEX2DEC(D14),3) -> 00D | E15: =HEX2DEC(MID(Hex!$C$8,1+HEX2DEC(Edit!D15)*2,2)) -> 1 | F15: =F14+1 -> 13 | G15: =_xlfn.LET(_xlpm.custom,_xlfn.XLOOKUP(F15,Data!A:A,Data!C:C),IF(_xlpm.custom="",_xlfn.XLOOKUP(F15,Data!A:A,Data!B:B),_xlpm.custom)) -> Dusk Ball | H15: =_xlfn.XLOOKUP(C15,Data!A:A,Data!E:E) -> General | J15: =IF(I15="",C15,_xlfn.XLOOKUP(I15,Data!E:E,Data!A:A,"")) -> 0 | L15: =_xlfn.BITAND(E15,1) -> 1 | M15: =_xlfn.BITAND($E15,2) -> 0 | N15: =_xlfn.BITAND($E15,4) -> 0 | O15: =_xlfn.BITAND($E15,8) -> 0 | P15: =_xlfn.BITAND($E15,16) -> 0 | R15: =DEC2HEX(SUM(L15:P15),2) -> 01
... A500: =DEC2HEX(1+HEX2DEC(A498),3) -> 0F9 | B500: =B498 -> 0 | C500: =VALUE(MID(Hex!$C$2,1+2*HEX2DEC(A500)+B500,1)) -> 0 | D500: =DEC2HEX(1+HEX2DEC(D499),3) -> 1F2 | E500: =HEX2DEC(MID(Hex!$C$8,1+HEX2DEC(Edit!D500)*2,2)) -> 1 | F500: =F499+1 -> 498 | G500: =_xlfn.LET(_xlpm.custom,_xlfn.XLOOKUP(F500,Data!A:A,Data!C:C),IF(_xlpm.custom="",_xlfn.XLOOKUP(F500,Data!A:A,Data!B:B),_xlpm.custom)) -> Moon Ball | H500: =_xlfn.XLOOKUP(C500,Data!A:A,Data!E:E) -> General | J500: =IF(I500="",C500,_xlfn.XLOOKUP(I500,Data!E:E,Data!A:A,"")) -> 0 | L500: =_xlfn.BITAND(E500,1) -> 1 | M500: =_xlfn.BITAND($E500,2) -> 0 | N500: =_xlfn.BITAND($E500,4) -> 0 | O500: =_xlfn.BITAND($E500,8) -> 0 | P500: =_xlfn.BITAND($E500,16) -> 0 | R500: =DEC2HEX(SUM(L500:P500),2) -> 01
A501: =DEC2HEX(1+HEX2DEC(A499),3) -> 0F9 | B501: =B499 -> 1 | C501: =VALUE(MID(Hex!$C$2,1+2*HEX2DEC(A501)+B501,1)) -> 0 | D501: =DEC2HEX(1+HEX2DEC(D500),3) -> 1F3 | E501: =HEX2DEC(MID(Hex!$C$8,1+HEX2DEC(Edit!D501)*2,2)) -> 0 | F501: =F500+1 -> 499 | G501: =_xlfn.LET(_xlpm.custom,_xlfn.XLOOKUP(F501,Data!A:A,Data!C:C),IF(_xlpm.custom="",_xlfn.XLOOKUP(F501,Data!A:A,Data!B:B),_xlpm.custom)) -> Sport Ball | H501: =_xlfn.XLOOKUP(C501,Data!A:A,Data!E:E) -> General | J501: =IF(I501="",C501,_xlfn.XLOOKUP(I501,Data!E:E,Data!A:A,"")) -> 0 | L501: 1 | M501: =_xlfn.BITAND($E501,2) -> 0 | N501: =_xlfn.BITAND($E501,4) -> 0 | O501: =_xlfn.BITAND($E501,8) -> 0 | P501: =_xlfn.BITAND($E501,16) -> 0 | R501: =DEC2HEX(SUM(L501:P501),2) -> 01
A502: =DEC2HEX(1+HEX2DEC(A500),3) -> 0FA | B502: =B500 -> 0 | C502: =VALUE(MID(Hex!$C$2,1+2*HEX2DEC(A502)+B502,1)) -> 0 | D502: =DEC2HEX(1+HEX2DEC(D501),3) -> 1F4 | E502: =HEX2DEC(MID(Hex!$C$8,1+HEX2DEC(Edit!D502)*2,2)) -> 0 | F502: =F501+1 -> 500 | G502: =_xlfn.LET(_xlpm.custom,_xlfn.XLOOKUP(F502,Data!A:A,Data!C:C),IF(_xlpm.custom="",_xlfn.XLOOKUP(F502,Data!A:A,Data!B:B),_xlpm.custom)) -> Park Ball | H502: =_xlfn.XLOOKUP(C502,Data!A:A,Data!E:E) -> General | J502: =IF(I502="",C502,_xlfn.XLOOKUP(I502,Data!E:E,Data!A:A,"")) -> 0 | L502: 1 | M502: =_xlfn.BITAND($E502,2) -> 0 | N502: =_xlfn.BITAND($E502,4) -> 0 | O502: =_xlfn.BITAND($E502,8) -> 0 | P502: =_xlfn.BITAND($E502,16) -> 0 | R502: =DEC2HEX(SUM(L502:P502),2) -> 01
A503: =DEC2HEX(1+HEX2DEC(A501),3) -> 0FA | B503: =B501 -> 1 | C503: =VALUE(MID(Hex!$C$2,1+2*HEX2DEC(A503)+B503,1)) -> 4 | D503: =DEC2HEX(1+HEX2DEC(D502),3) -> 1F5 | E503: =HEX2DEC(MID(Hex!$C$8,1+HEX2DEC(Edit!D503)*2,2)) -> 0 | F503: =F502+1 -> 501 | G503: =_xlfn.LET(_xlpm.custom,_xlfn.XLOOKUP(F503,Data!A:A,Data!C:C),IF(_xlpm.custom="",_xlfn.XLOOKUP(F503,Data!A:A,Data!B:B),_xlpm.custom)) -> Photo Album | H503: =_xlfn.XLOOKUP(C503,Data!A:A,Data!E:E) -> Key | J503: =IF(I503="",C503,_xlfn.XLOOKUP(I503,Data!E:E,Data!A:A,"")) -> 4 | L503: =_xlfn.BITAND(E503,1) -> 0 | M503: =_xlfn.BITAND($E503,2) -> 0 | N503: =_xlfn.BITAND($E503,4) -> 0 | O503: =_xlfn.BITAND($E503,8) -> 0 | P503: =_xlfn.BITAND($E503,16) -> 0 | R503: =DEC2HEX(SUM(L503:P503),2) -> 00
A504: =DEC2HEX(1+HEX2DEC(A502),3) -> 0FB | B504: =B502 -> 0 | C504: =VALUE(MID(Hex!$C$2,1+2*HEX2DEC(A504)+B504,1)) -> 4 | D504: =DEC2HEX(1+HEX2DEC(D503),3) -> 1F6 | E504: =HEX2DEC(MID(Hex!$C$8,1+HEX2DEC(Edit!D504)*2,2)) -> 0 | F504: =F503+1 -> 502 | G504: =_xlfn.LET(_xlpm.custom,_xlfn.XLOOKUP(F504,Data!A:A,Data!C:C),IF(_xlpm.custom="",_xlfn.XLOOKUP(F504,Data!A:A,Data!B:B),_xlpm.custom)) -> GB Sounds | H504: =_xlfn.XLOOKUP(C504,Data!A:A,Data!E:E) -> Key | J504: =IF(I504="",C504,_xlfn.XLOOKUP(I504,Data!E:E,Data!A:A,"")) -> 4 | L504: =_xlfn.BITAND(E504,1) -> 0 | M504: =_xlfn.BITAND($E504,2) -> 0 | N504: =_xlfn.BITAND($E504,4) -> 0 | O504: =_xlfn.BITAND($E504,8) -> 0 | P504: =_xlfn.BITAND($E504,16) -> 0 | R504: =DEC2HEX(SUM(L504:P504),2) -> 00
A505: =DEC2HEX(1+HEX2DEC(A503),3) -> 0FB | B505: =B503 -> 1 | C505: =VALUE(MID(Hex!$C$2,1+2*HEX2DEC(A505)+B505,1)) -> 4 | D505: =DEC2HEX(1+HEX2DEC(D504),3) -> 1F7 | E505: =HEX2DEC(MID(Hex!$C$8,1+HEX2DEC(Edit!D505)*2,2)) -> 0 | F505: =F504+1 -> 503 | G505: =_xlfn.LET(_xlpm.custom,_xlfn.XLOOKUP(F505,Data!A:A,Data!C:C),IF(_xlpm.custom="",_xlfn.XLOOKUP(F505,Data!A:A,Data!B:B),_xlpm.custom)) -> Tidal Bell | H505: =_xlfn.XLOOKUP(C505,Data!A:A,Data!E:E) -> Key | J505: =IF(I505="",C505,_xlfn.XLOOKUP(I505,Data!E:E,Data!A:A,"")) -> 4 | L505: =_xlfn.BITAND(E505,1) -> 0 | M505: =_xlfn.BITAND($E505,2) -> 0 | N505: =_xlfn.BITAND($E505,4) -> 0 | O505: =_xlfn.BITAND($E505,8) -> 0 | P505: =_xlfn.BITAND($E505,16) -> 0 | R505: =DEC2HEX(SUM(L505:P505),2) -> 00
A506: =DEC2HEX(1+HEX2DEC(A504),3) -> 0FC | B506: =B504 -> 0 | C506: =VALUE(MID(Hex!$C$2,1+2*HEX2DEC(A506)+B506,1)) -> 1 | D506: =DEC2HEX(1+HEX2DEC(D505),3) -> 1F8 | E506: =HEX2DEC(MID(Hex!$C$8,1+HEX2DEC(Edit!D506)*2,2)) -> 8 | F506: =F505+1 -> 504 | G506: =_xlfn.LET(_xlpm.custom,_xlfn.XLOOKUP(F506,Data!A:A,Data!C:C),IF(_xlpm.custom="",_xlfn.XLOOKUP(F506,Data!A:A,Data!B:B),_xlpm.custom)) -> Rage Candy Bar | H506: =_xlfn.XLOOKUP(C506,Data!A:A,Data!E:E) -> Medicine | J506: =IF(I506="",C506,_xlfn.XLOOKUP(I506,Data!E:E,Data!A:A,"")) -> 1 | L506: =_xlfn.BITAND(E506,1) -> 0 | M506: =_xlfn.BITAND($E506,2) -> 0 | N506: =_xlfn.BITAND($E506,4) -> 0 | O506: =_xlfn.BITAND($E506,8) -> 8 | P506: =_xlfn.BITAND($E506,16) -> 0 | R506: =DEC2HEX(SUM(L506:P506),2) -> 08
A507: =DEC2HEX(1+HEX2DEC(A505),3) -> 0FC | B507: =B505 -> 1 | C507: =VALUE(MID(Hex!$C$2,1+2*HEX2DEC(A507)+B507,1)) -> 0 | D507: =DEC2HEX(1+HEX2DEC(D506),3) -> 1F9 | E507: =HEX2DEC(MID(Hex!$C$8,1+HEX2DEC(Edit!D507)*2,2)) -> 0 | F507: =F506+1 -> 505 | G507: =_xlfn.LET(_xlpm.custom,_xlfn.XLOOKUP(F507,Data!A:A,Data!C:C),IF(_xlpm.custom="",_xlfn.XLOOKUP(F507,Data!A:A,Data!B:B),_xlpm.custom)) -> Data Card 01 | H507: =_xlfn.XLOOKUP(C507,Data!A:A,Data!E:E) -> General | J507: =IF(I507="",C507,_xlfn.XLOOKUP(I507,Data!E:E,Data!A:A,"")) -> 0 | L507: =_xlfn.BITAND(E507,1) -> 0 | M507: =_xlfn.BITAND($E507,2) -> 0 | N507: =_xlfn.BITAND($E507,4) -> 0 | O507: =_xlfn.BITAND($E507,8) -> 0 | P507: =_xlfn.BITAND($E507,16) -> 0 | R507: =DEC2HEX(SUM(L507:P507),2) -> 00
A508: =DEC2HEX(1+HEX2DEC(A506),3) -> 0FD | B508: =B506 -> 0 | C508: =VALUE(MID(Hex!$C$2,1+2*HEX2DEC(A508)+B508,1)) -> 0 | D508: =DEC2HEX(1+HEX2DEC(D507),3) -> 1FA | E508: =HEX2DEC(MID(Hex!$C$8,1+HEX2DEC(Edit!D508)*2,2)) -> 0 | F508: =F507+1 -> 506 | G508: =_xlfn.LET(_xlpm.custom,_xlfn.XLOOKUP(F508,Data!A:A,Data!C:C),IF(_xlpm.custom="",_xlfn.XLOOKUP(F508,Data!A:A,Data!B:B),_xlpm.custom)) -> Data Card 02 | H508: =_xlfn.XLOOKUP(C508,Data!A:A,Data!E:E) -> General | J508: =IF(I508="",C508,_xlfn.XLOOKUP(I508,Data!E:E,Data!A:A,"")) -> 0 | L508: =_xlfn.BITAND(E508,1) -> 0 | M508: =_xlfn.BITAND($E508,2) -> 0 | N508: =_xlfn.BITAND($E508,4) -> 0 | O508: =_xlfn.BITAND($E508,8) -> 0 | P508: =_xlfn.BITAND($E508,16) -> 0 | R508: =DEC2HEX(SUM(L508:P508),2) -> 00
A509: =DEC2HEX(1+HEX2DEC(A507),3) -> 0FD | B509: =B507 -> 1 | C509: =VALUE(MID(Hex!$C$2,1+2*HEX2DEC(A509)+B509,1)) -> 0 | D509: =DEC2HEX(1+HEX2DEC(D508),3) -> 1FB | E509: =HEX2DEC(MID(Hex!$C$8,1+HEX2DEC(Edit!D509)*2,2)) -> 0 | F509: =F508+1 -> 507 | G509: =_xlfn.LET(_xlpm.custom,_xlfn.XLOOKUP(F509,Data!A:A,Data!C:C),IF(_xlpm.custom="",_xlfn.XLOOKUP(F509,Data!A:A,Data!B:B),_xlpm.custom)) -> Data Card 03 | H509: =_xlfn.XLOOKUP(C509,Data!A:A,Data!E:E) -> General | J509: =IF(I509="",C509,_xlfn.XLOOKUP(I509,Data!E:E,Data!A:A,"")) -> 0 | L509: =_xlfn.BITAND(E509,1) -> 0 | M509: =_xlfn.BITAND($E509,2) -> 0 | N509: =_xlfn.BITAND($E509,4) -> 0 | O509: =_xlfn.BITAND($E509,8) -> 0 | P509: =_xlfn.BITAND($E509,16) -> 0 | R509: =DEC2HEX(SUM(L509:P509),2) -> 00
A510: =DEC2HEX(1+HEX2DEC(A508),3) -> 0FE | B510: =B508 -> 0 | C510: =VALUE(MID(Hex!$C$2,1+2*HEX2DEC(A510)+B510,1)) -> 0 | D510: =DEC2HEX(1+HEX2DEC(D509),3) -> 1FC | E510: =HEX2DEC(MID(Hex!$C$8,1+HEX2DEC(Edit!D510)*2,2)) -> 0 | F510: =F509+1 -> 508 | G510: =_xlfn.LET(_xlpm.custom,_xlfn.XLOOKUP(F510,Data!A:A,Data!C:C),IF(_xlpm.custom="",_xlfn.XLOOKUP(F510,Data!A:A,Data!B:B),_xlpm.custom)) -> Data Card 04 | H510: =_xlfn.XLOOKUP(C510,Data!A:A,Data!E:E) -> General | J510: =IF(I510="",C510,_xlfn.XLOOKUP(I510,Data!E:E,Data!A:A,"")) -> 0 | L510: =_xlfn.BITAND(E510,1) -> 0 | M510: =_xlfn.BITAND($E510,2) -> 0 | N510: =_xlfn.BITAND($E510,4) -> 0 | O510: =_xlfn.BITAND($E510,8) -> 0 | P510: =_xlfn.BITAND($E510,16) -> 0 | R510: =DEC2HEX(SUM(L510:P510),2) -> 00
A511: =DEC2HEX(1+HEX2DEC(A509),3) -> 0FE | B511: =B509 -> 1 | C511: =VALUE(MID(Hex!$C$2,1+2*HEX2DEC(A511)+B511,1)) -> 0 | D511: =DEC2HEX(1+HEX2DEC(D510),3) -> 1FD | E511: =HEX2DEC(MID(Hex!$C$8,1+HEX2DEC(Edit!D511)*2,2)) -> 0 | F511: =F510+1 -> 509 | G511: =_xlfn.LET(_xlpm.custom,_xlfn.XLOOKUP(F511,Data!A:A,Data!C:C),IF(_xlpm.custom="",_xlfn.XLOOKUP(F511,Data!A:A,Data!B:B),_xlpm.custom)) -> Data Card 05 | H511: =_xlfn.XLOOKUP(C511,Data!A:A,Data!E:E) -> General | J511: =IF(I511="",C511,_xlfn.XLOOKUP(I511,Data!E:E,Data!A:A,"")) -> 0 | L511: =_xlfn.BITAND(E511,1) -> 0 | M511: =_xlfn.BITAND($E511,2) -> 0 | N511: =_xlfn.BITAND($E511,4) -> 0 | O511: =_xlfn.BITAND($E511,8) -> 0 | P511: =_xlfn.BITAND($E511,16) -> 0 | R511: =DEC2HEX(SUM(L511:P511),2) -> 00
A512: =DEC2HEX(1+HEX2DEC(A510),3) -> 0FF | B512: =B510 -> 0 | C512: =VALUE(MID(Hex!$C$2,1+2*HEX2DEC(A512)+B512,1)) -> 0 | D512: =DEC2HEX(1+HEX2DEC(D511),3) -> 1FE | E512: =HEX2DEC(MID(Hex!$C$8,1+HEX2DEC(Edit!D512)*2,2)) -> 0 | F512: =F511+1 -> 510 | G512: =_xlfn.LET(_xlpm.custom,_xlfn.XLOOKUP(F512,Data!A:A,Data!C:C),IF(_xlpm.custom="",_xlfn.XLOOKUP(F512,Data!A:A,Data!B:B),_xlpm.custom)) -> Data Card 06 | H512: =_xlfn.XLOOKUP(C512,Data!A:A,Data!E:E) -> General | J512: =IF(I512="",C512,_xlfn.XLOOKUP(I512,Data!E:E,Data!A:A,"")) -> 0 | L512: =_xlfn.BITAND(E512,1) -> 0 | M512: =_xlfn.BITAND($E512,2) -> 0 | N512: =_xlfn.BITAND($E512,4) -> 0 | O512: =_xlfn.BITAND($E512,8) -> 0 | P512: =_xlfn.BITAND($E512,16) -> 0 | R512: =DEC2HEX(SUM(L512:P512),2) -> 00
A513: =DEC2HEX(1+HEX2DEC(A511),3) -> 0FF | B513: =B511 -> 1 | C513: =VALUE(MID(Hex!$C$2,1+2*HEX2DEC(A513)+B513,1)) -> 0 | D513: =DEC2HEX(1+HEX2DEC(D512),3) -> 1FF | E513: =HEX2DEC(MID(Hex!$C$8,1+HEX2DEC(Edit!D513)*2,2)) -> 0 | F513: =F512+1 -> 511 | G513: =_xlfn.LET(_xlpm.custom,_xlfn.XLOOKUP(F513,Data!A:A,Data!C:C),IF(_xlpm.custom="",_xlfn.XLOOKUP(F513,Data!A:A,Data!B:B),_xlpm.custom)) -> Data Card 07 | H513: =_xlfn.XLOOKUP(C513,Data!A:A,Data!E:E) -> General | J513: =IF(I513="",C513,_xlfn.XLOOKUP(I513,Data!E:E,Data!A:A,"")) -> 0 | L513: =_xlfn.BITAND(E513,1) -> 0 | M513: =_xlfn.BITAND($E513,2) -> 0 | N513: =_xlfn.BITAND($E513,4) -> 0 | O513: =_xlfn.BITAND($E513,8) -> 0 | P513: =_xlfn.BITAND($E513,16) -> 0 | R513: =DEC2HEX(SUM(L513:P513),2) -> 00
A514: =DEC2HEX(1+HEX2DEC(A512),3) -> 100 | B514: =B512 -> 0 | C514: =VALUE(MID(Hex!$C$2,1+2*HEX2DEC(A514)+B514,1)) -> 0 | D514: =DEC2HEX(1+HEX2DEC(D513),3) -> 200 | E514: =HEX2DEC(MID(Hex!$C$8,1+HEX2DEC(Edit!D514)*2,2)) -> 0 | F514: =F513+1 -> 512 | G514: =_xlfn.LET(_xlpm.custom,_xlfn.XLOOKUP(F514,Data!A:A,Data!C:C),IF(_xlpm.custom="",_xlfn.XLOOKUP(F514,Data!A:A,Data!B:B),_xlpm.custom)) -> Data Card 08 | H514: =_xlfn.XLOOKUP(C514,Data!A:A,Data!E:E) -> General | J514: =IF(I514="",C514,_xlfn.XLOOKUP(I514,Data!E:E,Data!A:A,"")) -> 0 | L514: =_xlfn.BITAND(E514,1) -> 0 | M514: =_xlfn.BITAND($E514,2) -> 0 | N514: =_xlfn.BITAND($E514,4) -> 0 | O514: =_xlfn.BITAND($E514,8) -> 0 | P514: =_xlfn.BITAND($E514,16) -> 0 | R514: =DEC2HEX(SUM(L514:P514),2) -> 00
... A982: =DEC2HEX(1+HEX2DEC(A980),3) -> 1EA | B982: =B980 -> 0 | C982: =VALUE(MID(Hex!$C$2,1+2*HEX2DEC(A982)+B982,1)) -> 2 | D982: =DEC2HEX(1+HEX2DEC(D981),3) -> 3D4 | E982: =HEX2DEC(MID(Hex!$C$8,1+HEX2DEC(Edit!D982)*2,2)) -> 0 | F982: =F981+1 -> 980 | G982: =_xlfn.LET(_xlpm.custom,_xlfn.XLOOKUP(F982,Data!A:A,Data!C:C),IF(_xlpm.custom="",_xlfn.XLOOKUP(F982,Data!A:A,Data!B:B),_xlpm.custom)) -> TM128 | H982: =_xlfn.XLOOKUP(C982,Data!A:A,Data!E:E) -> TM/HM | J982: =IF(I982="",C982,_xlfn.XLOOKUP(I982,Data!E:E,Data!A:A,"")) -> 2 | L982: =_xlfn.BITAND(E982,1) -> 0 | M982: =_xlfn.BITAND($E982,2) -> 0 | N982: =_xlfn.BITAND($E982,4) -> 0 | O982: =_xlfn.BITAND($E982,8) -> 0 | P982: =_xlfn.BITAND($E982,16) -> 0 | R982: =DEC2HEX(SUM(L982:P982),2) -> 00

Sheet Data
A1: Stock | C1: Custom
A2: 0 | B2: None | C2: None | E2: General
A3: 1 | B3: Master Ball | C3: Master Ball | E3: Medicine | G3: Pokeball
A4: 2 | B4: Ultra Ball | C4: Ultra Ball | E4: TM/HM | G4: Battle Items
A5: 3 | B5: Great Ball | C5: Great Ball | E5: Berry
A6: 4 | B6: Poké Ball | C6: Poké Ball | E6: Key
A7: 5 | B7: Safari Ball | C7: Safari Ball | E7: Z-Crystal (Bag Version)
A8: 6 | B8: Net Ball | C8: Net Ball | E8: Roto Power
A9: 7 | B9: Dive Ball | C9: Dive Ball | E9: Z-Crystal (Hold Version)
A10: 8 | B10: Nest Ball | C10: Nest Ball
A11: 9 | B11: Repeat Ball | C11: Repeat Ball
A12: 10 | B12: Timer Ball | C12: Timer Ball
A13: 11 | B13: Luxury Ball | C13: Luxury Ball
A14: 12 | B14: Premier Ball | C14: Premier Ball
A15: 13 | B15: Dusk Ball | C15: Dusk Ball
A16: 14 | B16: Heal Ball | C16: Heal Ball
A17: 15 | B17: Quick Ball | C17: Quick Ball
A18: 16 | B18: Cherish Ball | C18: Cherish Ball
A19: 17 | B19: Potion | C19: Potion
A20: 18 | B20: Antidote | C20: Antidote
A21: 19 | B21: Burn Heal | C21: Burn Heal
... A961: 959 | B961: Roto Catch | C961: Roto Catch
A962: 960 | C962: TM108
A963: 961 | C963: TM109
A964: 962 | C964: TM110
A965: 963 | C965: TM111
A966: 964 | C966: TM112
A967: 965 | C967: TM113
A968: 966 | C968: TM114
A969: 967 | C969: TM115
A970: 968 | C970: TM116
A971: 969 | C971: TM117
A972: 970 | C972: TM118
A973: 971 | C973: TM119
... A982: 980 | C982: TM128
